imdb_id,movie_name,storyline,release_year,runtime,imdb_rating,vote_count,genre_hint,cleaned_story
tt19861162,The Return,"After 20 years Odysseus finally returns to Ithaca, where he finds his wife held prisoner by suitors vying to be king and his son facing death at their hands. To win back his family and all he has lost, Odysseus must rediscover his strength.",2024,20241h 56m,6.3,16K,,years odysseus finally returns ithaca finds wife held prisoner suitors vying king son facing death hands win back family lost odysseus must rediscover strength
tt27534307,Speak No Evil,"A family is invited to spend a whole weekend in a lonely home in the countryside, but as the weekend progresses, they realize that a dark side lies within the family who invited them.",2024,20241h 50m,6.8,143K,,family invited spend whole weekend lonely home countryside weekend progresses realize dark side lies within family invited
tt4996328,Ordinary Angels,Inspired by the incredible true story of a hairdresser who single-handedly rallies an entire community to help a widowed father save the life of his critically ill young daughter.,2024,20241h 58m,7.4,22K,,inspired incredible true story hairdresser single handedly rallies entire community help widowed father save life critically ill young daughter
tt15239678,Dune: Part Two,"Paul Atreides unites with the Fremen while on a warpath of revenge against the conspirators who destroyed his family. Facing a choice between the love of his life and the fate of the universe, he endeavors to prevent a terrible future.",2024,20242h 46m,8.4,778K,,paul atreides unites fremen warpath revenge conspirators destroyed family facing choice love life fate universe endeavors prevent terrible future
tt5177120,The Ministry of Ungentlemanly Warfare,The British military recruits a small group of highly skilled soldiers to strike against German forces behind enemy lines during World War II.,2024,20242h 2m,6.8,164K,,british military recruits small group highly skilled soldiers strike german forces behind enemy lines world war
tt6263850,Deadpool & Wolverine,"Deadpool is offered a place in the Marvel Cinematic Universe by the Time Variance Authority, but instead recruits a variant of Wolverine to save his universe from extinction.",2024,20242h 8m,7.5,580K,,deadpool offered place marvel cinematic universe time variance authority instead recruits variant wolverine save universe extinction
tt9218128,Gladiator II,"After his home is conquered by the tyrannical emperors who now lead Rome, Lucius is forced to enter the Colosseum and must look to his past to find strength to return the glory of Rome to its people.",2024,20242h 28m,6.4,306K,,home conquered tyrannical emperors lead rome lucius forced enter colosseum must look past find strength return glory rome people
tt18412256,Alien: Romulus,"While scavenging the deep ends of a derelict space station, a group of young space colonists come face to face with the most terrifying life form in the universe.",2024,20241h 59m,7.1,292K,,scavenging deep ends derelict space station group young space colonists come face face terrifying life form universe
tt28607951,Anora,"A young stripper from Brooklyn impulsively marries the son of Russian oligarchs, but her fairy tale is threatened when his parents set out for New York to get the marriage annulled.",2024,20242h 19m,7.4,300K,,young stripper brooklyn impulsively marries son russian oligarchs fairy tale threatened parents set new york get marriage annulled
tt29623480,The Wild Robot,A sentient robot stranded on an uninhabited island raises an orphaned gosling while trying to fit in with the local wildlife.,2024,20241h 42m,8.2,232K,,sentient robot stranded uninhabited island raises orphaned gosling trying fit local wildlife
tt9466114,The Idea of You,"Solène, a 40-year-old single mom, begins an unexpected romance with 24-year-old Hayes Campbell, the lead singer of August Moon, the hottest boy band on the planet.",2024,20241h 55m,6.3,88K,,sol year old single mom begins unexpected romance year old hayes campbell lead singer august moon hottest boy band planet
tt17526714,The Substance,"A fading celebrity takes a black-market drug: a cell-replicating substance that helps her create a younger, better version of herself.",2024,20242h 21m,7.2,453K,,fading celebrity takes black market drug cell replicating substance helps create younger better version
tt15314262,The Beekeeper,A former operative of a powerful organization embarks on a brutal campaign for vengeance.,2024,20241h 45m,6.3,183K,,former operative powerful organization embarks brutal campaign vengeance
tt8790086,Kraven the Hunter,"Kraven's complex relationship with his ruthless father, Nikolai Kravinoff, starts him down a path of vengeance with brutal consequences, motivating him to become not only the greatest hunter in the world, but also one of its most feared.",2024,20242h 7m,5.5,85K,,kraven complex relationship ruthless father nikolai kravinoff starts path vengeance brutal consequences motivating become greatest hunter world also one feared
tt1684562,The Fall Guy,"A stuntman, fresh off an almost career-ending accident, has to track down a missing movie star, solve a conspiracy and try to win back the love of his life while still doing his day job.",2024,20242h 6m,6.8,270K,,stuntman fresh almost career ending accident track missing movie star solve conspiracy try win back love life still day job
tt1262426,Wicked,"Elphaba, a young woman ridiculed for her green skin, and Galinda, a popular girl, become friends at Shiz University in the Land of Oz. After an encounter with the Wonderful Wizard of Oz, their friendship reaches a crossroads.",2024,20242h 40m,7.3,255K,,elphaba young woman ridiculed green skin galinda popular girl become friends shiz university land encounter wonderful wizard friendship reaches crossroads
tt28015403,Heretic,Two young religious women are drawn into a game of cat-and-mouse in the house of a strange man.,2024,20241h 51m,7.0,233K,,two young religious women drawn game cat mouse house strange man
tt5040012,Nosferatu,"A gothic tale of obsession between a haunted young woman and the terrifying vampire infatuated with her, causing untold horror in its wake.",2024,20242h 12m,7.1,272K,,gothic tale obsession haunted young woman terrifying vampire infatuated causing untold horror wake
tt3359350,Road House,"Ex-UFC fighter Dalton takes a job as a bouncer at a Florida Keys roadhouse, only to discover that this paradise is not all it seems.",2024,20242h 1m,6.2,189K,,ufc fighter dalton takes job bouncer florida keys roadhouse discover paradise seems
tt24169886,The Instigators,Follows two robbers who must go on the run with the help of one of their therapists after a theft doesn't go as planned.,2024,20241h 41m,6.2,45K,,follows two robbers must run help one therapists theft doesn planned
tt16426418,Challengers,"Tashi, a former tennis prodigy-turned-coach, transformed her husband into a champion. But to overcome a recent losing streak and redeem himself, he'll need to face off against his former best friend--Tashi's ex-boyfriend.",2024,20242h 11m,7.0,182K,,tashi former tennis prodigy turned coach transformed husband champion overcome recent losing streak redeem need face former best friend tashi boyfriend
tt29268110,Smile 2,"About to embark on a world tour, global pop sensation Skye Riley begins experiencing increasingly terrifying and inexplicable events. Overwhelmed by the escalating horrors and the pressures of fame, Skye is forced to face her past.",2024,20242h 7m,6.7,149K,,embark world tour global pop sensation skye riley begins experiencing increasingly terrifying inexplicable events overwhelmed escalating horrors pressures fame skye forced face past
tt12037194,Furiosa: A Mad Max Saga,"After being snatched from the Green Place of Many Mothers, while the tyrants Dementus and Immortan Joe fight for power and control, the young Furiosa must survive many trials as she puts together the means to find her way home.",2024,20242h 28m,7.4,324K,,snatched green place many mothers tyrants dementus immortan joe fight power control young furiosa must survive many trials puts together means find way home
tt12908150,The Life of Chuck,"A life-affirming, genre-bending story about three chapters in the life of an ordinary man named Charles Krantz.",2024,20241h 51m,7.3,76K,,life affirming genre bending story three chapters life ordinary man named charles krantz
tt17279496,Civil War,"In the midst of a U.S. civil war, four reporters make the dangerous trip to the capital to interview the president before he is overthrown.",2024,20241h 49m,7.0,272K,,midst civil war four reporters make dangerous trip capital interview president overthrown
tt11563598,A Complete Unknown,"In 1961, an unknown 19-year-old Bob Dylan arrives in New York City with his guitar and forges relationships with musical icons on his meteoric rise, culminating in a groundbreaking performance that reverberates around the world.",2024,20242h 21m,7.3,121K,,unknown year old bob dylan arrives new york city guitar forges relationships musical icons meteoric rise culminating groundbreaking performance reverberates around world
tt14858658,Blink Twice,"When tech billionaire Slater King meets cocktail waitress Frida at his fundraising gala, he invites her to join him and his friends on a dream vacation on his private island. As strange things start to happen, Frida questions her reality.",2024,20241h 42m,6.5,132K,,tech billionaire slater king meets cocktail waitress frida fundraising gala invites join friends dream vacation private island strange things start happen frida questions reality
tt22075376,Milk & Serial,A surprise birthday prank takes a turn for the worse when a popular social media duo must face the reality of the terrifying aftermath.,2024,20241h 2m,6.6,5.9K,,surprise birthday prank takes turn worse popular social media duo must face reality terrifying aftermath
tt23468450,Longlegs,"In pursuit of a serial killer, an FBI agent uncovers a series of occult clues that she must solve to end his terrifying killing spree.",2024,20241h 41m,6.5,230K,,pursuit serial killer fbi agent uncovers series occult clues must solve end terrifying killing spree
tt20202136,Descendants: The Rise of Red,"After the Queen of Hearts incites a coup in Auradon, her rebellious daughter, Red, and Cinderella's perfectionist daughter, Chloe, must team up and travel in time to undo the traumatic event that drove a young Queen of Hearts to villainy.",2024,20241h 35m,4.7,8.8K,,queen hearts incites coup auradon rebellious daughter red cinderella perfectionist daughter chloe must team travel time undo traumatic event drove young queen hearts villainy
tt16366836,Venom: The Last Dance,Eddie Brock and Venom must make a devastating decision as they're pursued by a mysterious military man and alien monsters from Venom's home world.,2024,20241h 50m,6.0,160K,,eddie brock venom must make devastating decision pursued mysterious military man alien monsters venom home world
tt8999762,The Brutalist,A visionary architect flees post-war Europe in 1947 for a brighter future in the United States and finds his life forever changed by a wealthy client.,2024,20243h 36m,7.2,161K,,visionary architect flees post war europe brighter future united states finds life forever changed wealthy client
tt13622970,Moana 2,"After receiving an unexpected call from her wayfinding ancestors, Moana must journey to the far seas of Oceania and into dangerous, long-lost waters for an adventure unlike anything she's ever faced.",2024,20241h 40m,6.3,128K,,receiving unexpected call wayfinding ancestors moana must journey far seas oceania dangerous long lost waters adventure unlike anything ever faced
tt30057084,Babygirl,A high-powered CEO puts her career and family on the line when she begins a torrid affair with her much-younger intern.,2024,20241h 54m,5.7,83K,,high powered ceo puts career family line begins torrid affair much younger intern
tt33175825,Attack on Titan: The Last Attack,"The fate of the world hangs in the balance as Eren unleashes the ultimate power of the Titans. With a burning determination to eliminate all who threaten Eldia, he leads an unstoppable army of Colossal Titans towards Marley.",2024,20242h 25m,9.0,33K,,fate world hangs balance eren unleashes ultimate power titans burning determination eliminate threaten eldia leads unstoppable army colossal titans towards marley
tt27403986,Juror #2,"While serving as a juror in a high-profile murder trial, a family man finds himself struggling with a serious moral dilemma, one he could use to sway the jury verdict and potentially convict or free the wrong killer.",2024,20241h 54m,7.0,129K,,serving juror high profile murder trial family man finds struggling serious moral dilemma one use sway jury verdict potentially convict free wrong killer
tt14539740,Godzilla X Kong: The New Empire,"Two ancient titans, Godzilla and Kong, clash in an epic battle as humans unravel their intertwined origins and connection to Skull Island's mysteries.",2024,20241h 55m,6.0,137K,,two ancient titans godzilla kong clash epic battle humans unravel intertwined origins connection skull island mysteries
tt10655524,It Ends with Us,"When a woman's first love suddenly reenters her life, her relationship with a charming, but abusive neurosurgeon is upended and she realizes she must learn to rely on her own strength to make an impossible choice for her future.",2024,20242h 10m,6.3,104K,,woman first love suddenly reenters life relationship charming abusive neurosurgeon upended realizes must learn rely strength make impossible choice future
tt12584954,Twisters,"Kate Carter, a retired tornado-chaser and meteorologist, is persuaded to return to Oklahoma to work with a new team and new technologies.",2024,20242h 2m,6.5,198K,,kate carter retired tornado chaser meteorologist persuaded return oklahoma work new team new technologies
tt11301886,Rebel Ridge,A former Marine grapples his way through a web of small-town corruption when an attempt to post bail for his cousin escalates into a violent standoff with the local police chief.,2024,20242h 11m,6.8,104K,,former marine grapples way web small town corruption attempt post bail cousin escalates violent standoff local police chief
tt13433802,A Quiet Place: Day One,A young woman named Sam finds herself trapped in New York City during the early stages of an invasion by alien creatures with ultra-sensitive hearing.,2024,20241h 39m,6.2,180K,,young woman named sam finds trapped new york city early stages invasion alien creatures ultra sensitive hearing
tt7510222,Despicable Me 4,"Gru, Lucy, Margo, Edith, and Agnes welcome a new member to the family, Gru Jr., who is intent on tormenting his dad. Gru faces a new nemesis in Maxime Le Mal and his girlfriend Valentina, and the family is forced to go on the run.",2024,20241h 34m,6.2,83K,,gru lucy margo edith agnes welcome new member family gru intent tormenting dad gru faces new nemesis maxime mal girlfriend valentina family forced run
tt23149780,Eden,"Based on a factual account of a group of outsiders who settle on a remote island only to discover their greatest threat isn't the brutal climate or deadly wildlife, but each other.",2024,20242h 9m,6.5,47K,,based factual account group outsiders settle remote island discover greatest threat isn brutal climate deadly wildlife
tt21830902,Upgraded,"Ana, an ambitious intern at an art auction house in New York City, misrepresents herself to a handsome wealthy man as the director. As their romance develops, her deception creates challenges that threaten her career and relationship.",2024,20241h 44m,6.1,34K,,ana ambitious intern art auction house new york city misrepresents handsome wealthy man director romance develops deception creates challenges threaten career relationship
tt22048412,MaXXXine,"In 1980s Hollywood, adult film star and aspiring actress Maxine Minx finally gets her big break. But as a mysterious killer stalks the starlets of Hollywood, a trail of blood threatens to reveal her sinister past.",2024,20241h 43m,6.2,89K,,hollywood adult film star aspiring actress maxine minx finally gets big break mysterious killer stalks starlets hollywood trail blood threatens reveal sinister past
tt29713093,We Bury the Dead,"After a military catastrophe leaves Tasmania filled with partially reanimated corpses, a volunteer searching for her missing husband abandons recovery operations and travels south through isolated communities collapsing beneath guilt.",2024,20241h 35m,5.6,18K,,military catastrophe leaves tasmania filled partially reanimated corpses volunteer searching missing husband abandons recovery operations travels south isolated communities collapsing beneath guilt
tt1660648,Ricky Stanicky,"When three childhood best friends pull a prank that goes wrong, they invent the imaginary Ricky Stanicky to get them out of trouble. Twenty years later, they still use the nonexistent Ricky as a handy alibi for their immature behavior.",2024,20241h 53m,6.2,63K,,three childhood best friends pull prank goes wrong invent imaginary ricky stanicky get trouble twenty years later still use nonexistent ricky handy alibi immature behavior
tt21382296,Carry-On,A mysterious traveler blackmails a young TSA agent into letting a dangerous package slip through security and onto a Christmas Eve flight.,2024,20241h 59m,6.5,197K,,mysterious traveler blackmails young tsa agent letting dangerous package slip security onto christmas eve flight
tt18259086,Sonic the Hedgehog 3,"Sonic, Knuckles, and Tails reunite against a powerful new adversary, Shadow, a mysterious villain with powers unlike anything they have faced before. With their abilities outmatched, Team Sonic must seek out an unlikely alliance.",2024,20241h 50m,6.9,83K,,sonic knuckles tails reunite powerful new adversary shadow mysterious villain powers unlike anything faced abilities outmatched team sonic must seek unlikely alliance
tt17505010,Horizon: An American Saga - Chapter 1,"Chronicles a multi-faceted, 15-year span of pre-and post-Civil War expansion and settlement of the American west.",2024,20243h 1m,6.6,46K,,chronicles multi faceted year span pre post civil war expansion settlement american west
tt26470109,Oddity,A psychic medium attempts to uncover the truth behind her sister's murder at the site of the crime.,2024,20241h 38m,6.7,61K,,psychic medium attempts uncover truth behind sister murder site crime
tt14257582,Wolfs,"Two rival fixers cross paths when they're both called in to help cover up a prominent New York official's misstep. Over one explosive night, they'll have to set aside their petty grievances and their egos to finish the job.",2024,20241h 48m,6.5,106K,,two rival fixers cross paths called help cover prominent new york official misstep one explosive night set aside petty grievances egos finish job
tt11539996,Relay,A broker of lucrative payoffs between corrupt corporations and the individuals who threaten them breaks his own rules when a new client seeks his protection to stay alive.,2024,20241h 52m,7.0,39K,,broker lucrative payoffs corrupt corporations individuals threaten breaks rules new client seeks protection stay alive
tt11315808,Joker: Folie à Deux,"Struggling with his dual identity, failed comedian Arthur Fleck meets the love of his life, Harley Quinn, while incarcerated at Arkham State Hospital.",2024,20242h 18m,5.2,186K,,struggling dual identity failed comedian arthur fleck meets love life harley quinn incarcerated arkham state hospital
tt22408160,Kinds of Kindness,"A man seeks to break free from his predetermined path, a cop questions his wife's demeanor after her return from a supposed drowning, and a woman searches for an extraordinary individual prophesied to become a renowned spiritual guide.",2024,20242h 44m,6.4,73K,,man seeks break free predetermined path cop questions wife demeanor return supposed drowning woman searches extraordinary individual prophesied become renowned spiritual guide
tt27131358,We Live in Time,"After an unusual encounter, a talented chef and a recent divorcée fall in love and build the home and family they've always dreamed of, until a painful truth puts their love story to the test.",2024,20241h 48m,7.0,74K,,unusual encounter talented chef recent divorc fall love build home family always dreamed painful truth puts love story test
tt15552142,Caddo Lake,"When an 8-year-old girl disappears on Caddo Lake, a series of past deaths and disappearances begin to link together, altering a broken family's history.",2024,20241h 43m,6.8,58K,,year old girl disappears caddo lake series past deaths disappearances begin link together altering broken family history
tt20215234,Conclave,"When Cardinal Lawrence is tasked with leading the selection of a new Pope, he finds himself in a web of conspiracy and intrigue that could shake the very foundations of the Catholic Church.",2024,20242h,7.4,285K,,cardinal lawrence tasked leading selection new pope finds web conspiracy intrigue shake foundations catholic church
tt14577874,It's What's Inside,"A group of friends gather for a pre-wedding party that descends into an existential nightmare when an estranged friend arrives with a mysterious game that awakens long-hidden secrets, desires and grudges.",2024,20241h 43m,6.6,53K,,group friends gather pre wedding party descends existential nightmare estranged friend arrives mysterious game awakens long hidden secrets desires grudges
tt26446278,The Count of Monte Cristo,"After escaping from an island prison where he spent 14 years for being wrongly accused of state treason, Edmond Dantès returns as the count of Monte Cristo to exact revenge on the men who betrayed him.",2024,20242h 58m,7.6,50K,,escaping island prison spent years wrongly accused state treason edmond dant returns count monte cristo exact revenge men betrayed
tt26736843,The Watchers,"A young artist gets stranded in an extensive, immaculate forest in western Ireland, where, after finding shelter, she becomes trapped alongside three strangers, stalked by mysterious creatures each night.",2024,20241h 42m,5.7,72K,,young artist gets stranded extensive immaculate forest western ireland finding shelter becomes trapped alongside three strangers stalked mysterious creatures night
tt11152168,IF,A young girl who goes through a difficult experience begins to see everyone's imaginary friends who have been left behind as their real-life friends have grown up.,2024,20241h 44m,6.4,68K,,young girl goes difficult experience begins see everyone imaginary friends left behind real life friends grown
tt27489557,Abigail,"After a group of criminals kidnap the ballerina daughter of a powerful underworld figure, they retreat to an isolated mansion, unaware that they're locked inside with no normal little girl.",2024,20241h 49m,6.5,122K,,group criminals kidnap ballerina daughter powerful underworld figure retreat isolated mansion unaware locked inside normal little girl
tt22022452,Inside Out 2,"A sequel that features Riley entering puberty and experiencing brand new, more complex emotions as a result. As Riley tries to adapt to her teenage years, her old emotions try to adapt to the possibility of being replaced.",2024,20241h 36m,7.5,256K,,sequel features riley entering puberty experiencing brand new complex emotions result riley tries adapt teenage years old emotions try adapt possibility replaced
tt24871974,Subservience,"A family man buys a domestic android after his wife's hospitalization. The android develops obsessive attachment, manipulates the household, eliminates perceived rivals, and ultimately attempts to claim his wife's heart literally.",2024,20241h 46m,5.4,37K,,family man buys domestic android wife hospitalization android develops obsessive attachment manipulates household eliminates perceived rivals ultimately attempts claim wife heart literally
tt4772188,Flow,"Cat is a solitary animal, but as its home is devastated by a great flood, he finds refuge on a boat populated by various species, and will have to team up with them despite their differences.",2024,20241h 25m,7.8,151K,,cat solitary animal home devastated great flood finds refuge boat populated various species team despite differences
tt8864596,Transformers One,"The untold origin story of Optimus Prime and Megatron, better known as sworn enemies, but who once were friends bonded like brothers who changed the fate of Cybertron forever.",2024,20241h 44m,7.6,68K,,untold origin story optimus prime megatron better known sworn enemies friends bonded like brothers changed fate cybertron forever
tt26753003,Trap,A father and his teen daughter attend a pop concert only to realize they've entered the center of a dark and sinister event.,2024,20241h 45m,5.8,169K,,father teen daughter attend pop concert realize entered center dark sinister event
tt15574270,I Saw the TV Glow,"In late-90s suburbia, a lonely teenager meets a girl at school who introduces him to a mysterious late-night T.V. show. As time goes on, however, questions begin to arise about why the show sometimes seems more real than their own lives.",2024,20241h 40m,5.8,47K,,late suburbia lonely teenager meets girl school introduces mysterious late night show time goes however questions begin arise show sometimes seems real lives
tt2049403,Beetlejuice Beetlejuice,"After a family tragedy, three generations of the Deetz family return home to Winter River. Still haunted by Beetlejuice, Lydia's life is turned upside down when her teenage daughter, Astrid, accidentally opens the portal to the Afterlife.",2024,20241h 45m,6.6,177K,,family tragedy three generations deetz family return home winter river still haunted beetlejuice lydia life turned upside teenage daughter astrid accidentally opens portal afterlife
tt12810074,Nightbitch,"A woman pauses her career to be a stay-at-home mom, but soon her domesticity takes a surreal turn.",2024,20241h 39m,5.5,25K,,woman pauses career stay home mom soon domesticity takes surreal turn
tt13452446,Damsel,"A dutiful damsel agrees to marry a handsome prince, only to find the royal family has recruited her as a sacrifice to repay an ancient debt.",2024,20241h 50m,6.1,121K,,dutiful damsel agrees marry handsome prince find royal family recruited sacrifice repay ancient debt
tt15682498,The Last Stand of Ellen Cole,Follow a nefarious land developer who gets more than he bargained for when he tries to intimidate an 80-year-old widow into abandoning her Montana ranch.,2024,20241h 37m,6.3,1.1K,,follow nefarious land developer gets bargained tries intimidate year old widow abandoning montana ranch
tt26548265,Maharaja,"A barber seeks vengeance after his home is burglarized, cryptically telling police his ""lakshmi"" has been taken, leaving them uncertain if it's a person or object. His quest to recover the elusive ""lakshmi"" unfolds.",2024,20242h 21m,8.3,84K,,barber seeks vengeance home burglarized cryptically telling police lakshmi taken leaving uncertain person object quest recover elusive lakshmi unfolds
tt21823606,A Real Pain,"Mismatched cousins reunite for a tour through Poland to honor their beloved grandmother, but their old tensions resurface against the backdrop of their family history.",2024,20241h 30m,7.0,165K,,mismatched cousins reunite tour poland honor beloved grandmother old tensions resurface backdrop family history
tt27032708,Survive,A couple celebrates their son's birthday in the middle of the ocean on their boat. A violent storm hits and it brings up hungry creatures from the depths and they fight for their survival.,2024,20241h 30m,4.6,5.2K,,couple celebrates son birthday middle ocean boat violent storm hits brings hungry creatures depths fight survival
tt33353846,"Husband, Father, Killer: The Alyssa Pladl Story","Alyssa has a relationship with abusive Steven as a teen, has his child but gives it up for adoption. Years later, their daughter seeks them out, and Steven manipulates her into an affair, neglecting his family.",2024,20241h 27m,6.0,967,,alyssa relationship abusive steven teen child gives adoption years later daughter seeks steven manipulates affair neglecting family
tt13186482,Mufasa: The Lion King,"Mufasa, a cub lost and alone, meets a sympathetic lion named Taka, the heir to a royal bloodline. The chance meeting sets in motion an expansive journey of a group of misfits searching for their destiny.",2024,20241h 58m,6.6,84K,,mufasa cub lost alone meets sympathetic lion named taka heir royal bloodline chance meeting sets motion expansive journey group misfits searching destiny
tt15009428,Argylle,A reclusive author who writes espionage novels about a secret agent and a global spy syndicate realizes that the plot of the new book she's writing starts to mirror real-world events in real time.,2024,20242h 19m,5.6,101K,,reclusive author writes espionage novels secret agent global spy syndicate realizes plot new book writing starts mirror real world events real time
tt27802490,Exhuma,"Feng shui master Kim Sang-deok joins a shaman and a mortician to relocate a cursed ancestral grave, but the excavation unearths a colonial atrocity buried beneath the soil, forcing crew into a brutal confrontation with an immortal warrior.",2024,20242h 14m,6.9,30K,,feng shui master kim sang deok joins shaman mortician relocate cursed ancestral grave excavation unearths colonial atrocity buried beneath soil forcing crew brutal confrontation immortal warrior
tt14088510,Tarot,"When a group of friends recklessly violates the sacred rule of Tarot readings, they unknowingly unleash an unspeakable evil trapped within the cursed cards. One by one, they come face to face with fate and end up in a race against death.",2024,20241h 32m,4.8,40K,,group friends recklessly violates sacred rule tarot readings unknowingly unleash unspeakable evil trapped within cursed cards one one come face face fate end race death
tt14961016,I'm Still Here,A woman married to a former politician during the military dictatorship in Brazil is forced to reinvent herself and chart a new course for her family after a violent and arbitrary act.,2024,20242h 17m,8.1,170K,,woman married former politician military dictatorship brazil forced reinvent chart new course family violent arbitrary act
tt26625693,The Order,A series of bank robberies and car heists frightens communities in the Pacific Northwest. A lone FBI agent believes that the crimes were not the work of financially motivated criminals but rather a group of dangerous domestic terrorists.,2024,20241h 56m,6.8,64K,,series bank robberies car heists frightens communities pacific northwest lone fbi agent believes crimes work financially motivated criminals rather group dangerous domestic terrorists
tt10128846,Megalopolis,"The city of New Rome faces the duel between Cesar Catilina, a brilliant artist in favor of a Utopian future, and the greedy mayor Franklyn Cicero. Between them is Julia Cicero, with her loyalty divided between her father and her beloved.",2024,20242h 18m,4.7,43K,,city new rome faces duel cesar catilina brilliant artist favor utopian future greedy mayor franklyn cicero julia cicero loyalty divided father beloved
tt4919268,Bad Boys: Ride or Die,"When their late police captain gets linked to drug cartels, wisecracking Miami cops Mike Lowrey and Marcus Burnett embark on a dangerous mission to clear his name.",2024,20241h 55m,6.5,115K,,late police captain gets linked drug cartels wisecracking miami cops mike lowrey marcus burnett embark dangerous mission clear name
tt27196021,Small Things Like These,In 1985 devoted father Bill Furlong discovers disturbing secrets kept by the local convent and uncovers shocking truths of his own.,2024,20241h 38m,6.7,39K,,devoted father bill furlong discovers disturbing secrets kept local convent uncovers shocking truths
tt31795447,Ick,"Science teacher Hank's life changes when he reconnects with his first love and suspects a new student is his daughter, all while facing an alien threat in their town.",2024,20241h 33m,5.3,2.4K,,science teacher hank life changes reconnects first love suspects new student daughter facing alien threat town
tt11389872,Kingdom of the Planet of the Apes,"Many years after the reign of Caesar, a young ape goes on a journey that will lead him to question everything he's been taught about the past and make choices that will define a future for apes and humans alike.",2024,20242h 25m,6.8,171K,,many years reign caesar young ape goes journey lead question everything taught past make choices define future apes humans alike
tt22004344,Snack Shack,"Nebraska City, 1991, two best friends get the chance to run the swimming pool snack shack, that later comes to be the perfect scenario for transgression, fun, personal discovery and romance.",2024,20241h 52m,7.0,18K,,nebraska city two best friends get chance run swimming pool snack shack later comes perfect scenario transgression fun personal discovery romance
tt19864802,Land of Bad,A Delta Force team fights for survival as an Air Force drone pilot becomes its eyes in the sky.,2024,20241h 53m,6.6,60K,,delta force team fights survival air force drone pilot becomes eyes sky
tt8368368,The Apprentice,"A young man took over his father's real-estate business in 1970s and '80s New York, and got the helping hand of an infamous closeted gay lawyer who helped him turn this young man into a notorious legend. Based on true events.",2024,20242h 2m,7.1,75K,,young man took father real estate business new york got helping hand infamous closeted gay lawyer helped turn young man notorious legend based true events
tt4196566,The Deliverance,"An Indiana family discovers strange, demonic occurrences that convince them and their community that the house is a portal to hell.",2024,20241h 52m,5.1,26K,,indiana family discovers strange demonic occurrences convince community house portal hell
tt27665778,Horizon: An American Saga - Chapter 2,The continuation of one story of the settlement of the American west. It follows the further adventures of characters first featured in Horizon: An American Saga.,2024,20243h 10m,7.0,1.9K,,continuation one story settlement american west follows adventures characters first featured horizon american saga
tt19637052,Love Lies Bleeding,"Reclusive gym manager Lou falls hard for Jackie, an ambitious bodybuilder headed through town to Vegas in pursuit of her dream. But their love ignites violence, pulling them deep into the web of Lou's criminal family.",2024,20241h 44m,6.6,65K,,reclusive gym manager lou falls hard jackie ambitious bodybuilder headed town vegas pursuit dream love ignites violence pulling deep web lou criminal family
tt18272208,Here,"A generational story about families and the special place they inhabit, sharing in love, loss, laughter, and life.",2024,20241h 44m,6.3,29K,,generational story families special place inhabit sharing love loss laughter life
tt13397574,Mothers' Instinct,"Alice and Celine live a traditional lifestyle with successful husbands and sons of the same age. Life's perfect harmony is suddenly shattered after a tragic accident. Guilt, suspicion and paranoia combine to unravel their sisterly bond.",2024,20241h 34m,6.3,25K,,alice celine live traditional lifestyle successful husbands sons age life perfect harmony suddenly shattered tragic accident guilt suspicion paranoia combine unravel sisterly bond
tt29137778,Homestead,"Amid chaos, ex-Green Beret joins prepper compound; love grows, truths arise, and a community unites.",2024,20241h 52m,5.2,5.6K,,amid chaos green beret joins prepper compound love grows truths arise community unites
tt26783625,Bone Lake,"A couple's vacation at a secluded estate is upended when they're forced to share the mansion with a mysterious couple. A dream getaway spirals into a nightmarish maze of sex, lies, and manipulation, triggering a battle for survival.",2024,20241h 34m,5.6,15K,,couple vacation secluded estate upended forced share mansion mysterious couple dream getaway spirals nightmarish maze sex lies manipulation triggering battle survival
tt27657135,Saturday Night,"At 11:30pm on October 11th, 1975, a ferocious troupe of young comedians and writers changed television forever. Find out what happened behind the scenes in the 90 minutes leading up to the first broadcast of Saturday Night Live (1975).",2024,20241h 49m,6.8,40K,,october ferocious troupe young comedians writers changed television forever find happened behind scenes minutes leading first broadcast saturday night live
tt32881442,Monkey's Magic Merry Go Round,"A children's TV show host, ensnared in a case of amnesia, must confront his missing memories as his puppet co-stars turn on him.",2024,20241h 31m,6.0,266,,children show host ensnared case amnesia must confront missing memories puppet stars turn
tt21692408,Kung Fu Panda 4,"After Po is tapped to become the Spiritual Leader of the Valley of Peace, he needs to find and train a new Dragon Warrior, while a wicked sorceress plans to re-summon all the master villains whom Po has vanquished to the spirit realm.",2024,20241h 34m,6.3,84K,,tapped become spiritual leader valley peace needs find train new dragon warrior wicked sorceress plans summon master villains vanquished spirit realm
tt11057302,Madame Web,"Forced to confront her past, Cassandra Webb, a Manhattan paramedic that may have clairvoyant abilities, forms a relationship with three young women destined for powerful futures, if they can survive their threatening present.",2024,20241h 56m,4.1,117K,,forced confront past cassandra webb manhattan paramedic may clairvoyant abilities forms relationship three young women destined powerful futures survive threatening present
tt18559464,My Old Ass,"A mushroom trip brings free-spirited Elliott face-to-face with her 39-year-old self. But when Elliott's ""old ass"" delivers warnings to her younger self, Elliott realizes she has to rethink everything about her family, life and love.",2024,20241h 29m,6.9,48K,,mushroom trip brings free spirited elliott face face year old self elliott old ass delivers warnings younger self elliott realizes rethink everything family life love
tt23802194,72 Hours,"Two brothers, one an FBI agent and the other an international money launderer, put aside their differences and band together to save their family by going after a perilous extraction deep in kingpin territory.",2024,20241h 27m,4.1,417,,two brothers one fbi agent international money launderer put aside differences band together save family going perilous extraction deep kingpin territory
tt14824600,The Lord of the Rings: The War of the Rohirrim,"A sudden attack by Wulf, a clever and traitorous lord of Rohan seeking vengeance for the death of his father, forces Helm Hammerhand, the King of Rohan, and his people to make a daring last stand in the ancient stronghold of the Hornburg.",2024,20242h 14m,6.3,41K,,sudden attack wulf clever traitorous lord rohan seeking vengeance death father forces helm hammerhand king rohan people make daring last stand ancient stronghold hornburg
tt14948432,Red One,"After Santa Claus is kidnapped, the North Pole's Head of Security must team up with a notorious hacker in a globe-trotting, action-packed mission to save Christmas.",2024,20242h 3m,6.2,161K,,santa claus kidnapped north pole head security must team notorious hacker globe trotting action packed mission save christmas
tt27431598,Bramayugam,"Thevan, a folk singer of the Paanan caste, has a fateful encounter when escaping slavery, leading to him discovering an ancient traditional mansion altering his destiny.",2024,20242h 19m,7.7,18K,,thevan folk singer paanan caste fateful encounter escaping slavery leading discovering ancient traditional mansion altering destiny
tt1121948,The Killer,"After being betrayed by her master, a disillusioned assassin takes one final shot with the intention of using the money to help a musician she accidentally blinded regain vision.",2024,20242h 6m,5.7,19K,,betrayed master disillusioned assassin takes one final shot intention using money help musician accidentally blinded regain vision
tt4978420,Borderlands,"An infamous bounty hunter returns to her childhood home, the chaotic planet Pandora, and forms an unlikely alliance with a team of misfits to find the missing daughter of the most powerful man in the universe.",2024,20241h 41m,4.7,59K,,infamous bounty hunter returns childhood home chaotic planet pandora forms unlikely alliance team misfits find missing daughter powerful man universe
tt10245072,Salem's Lot,"An author returns to his hometown of Jerusalem's Lot in search of inspiration for his next book, only to discover that the townspeople are being attacked by a bloodthirsty vampire.",2024,20241h 54m,5.6,42K,,author returns hometown jerusalem lot search inspiration next book discover townspeople attacked bloodthirsty vampire
tt27911000,Terrifier 3,Art the Clown is set to unleash chaos on the unsuspecting residents of Miles County as they peacefully drift off to sleep on Christmas Eve.,2024,20242h 5m,6.2,64K,,art clown set unleash chaos unsuspecting residents miles county peacefully drift sleep christmas eve
tt30505698,Friendship,A suburban dad falls hard for his charismatic new neighbor.,2024,20241h 40m,6.6,41K,,suburban dad falls hard charismatic new neighbor
tt31723358,Tell Me What You Want,"After his father's death, Eric Zimmerman travels to Spain to oversee his company's branches. In Madrid, he falls for Judith and engage in an intense, erotic relationship full of exploration. Eric fears his secret may end their affair.",2024,20241h 54m,4.1,2.8K,,father death eric zimmerman travels spain oversee company branches madrid falls judith engage intense erotic relationship full exploration eric fears secret may end affair
tt8310486,Miller's Girl,A creative writing assignment yields complex results between a teacher and his talented student.,2024,20241h 33m,5.2,28K,,creative writing assignment yields complex results teacher talented student
tt1896747,Fly Me to the Moon,"Marketing maven Kelly Jones wreaks havoc on NASA launch director Cole Davis's already difficult task. When the White House deems the mission too important to fail, the countdown truly begins.",2024,20242h 12m,6.6,60K,,marketing maven kelly jones wreaks havoc nasa launch director cole davis already difficult task white house deems mission important fail countdown truly begins
tt21097228,A Different Man,"An aspiring actor undergoes a radical medical procedure to drastically transform his appearance, but his new dream face quickly turns into a nightmare.",2024,20241h 52m,6.9,39K,,aspiring actor undergoes radical medical procedure drastically transform appearance new dream face quickly turns nightmare
tt23137390,Immaculate,"Cecilia, a woman of devout faith, is warmly welcomed to the picture-perfect Italian countryside where she is offered a new role at an illustrious convent. But it becomes clear to Cecilia that her new home harbors dark and horrifying secrets.",2024,20241h 29m,5.8,62K,,cecilia woman devout faith warmly welcomed picture perfect italian countryside offered new role illustrious convent becomes clear cecilia new home harbors dark horrifying secrets
tt12610390,The Union,"Construction worker Mike is thrust into the world of espionage when his high school sweetheart, Roxanne, recruits him for a high-stakes intelligence mission.",2024,20241h 47m,5.5,59K,,construction worker mike thrust world espionage high school sweetheart roxanne recruits high stakes intelligence mission
tt10720352,Arthur the King,An adventure racer adopts a stray dog named Arthur to join him in an epic endurance race.,2024,20241h 47m,7.0,40K,,adventure racer adopts stray dog named arthur join epic endurance race
tt15823456,Empire Waist,Follows a group of teens learning to love their bodies through inclusive fashion design and friendship.,2024,20241h 37m,6.3,775,,follows group teens learning love bodies inclusive fashion design friendship
tt12349832,Cuckoo,A 17-year-old is forced to move with her family to a resort where things are not what they seem.,2024,20241h 42m,5.6,36K,,year old forced move family resort things seem
tt24807110,Don't Move,"A seasoned killer injects a grieving woman with a paralytic agent. She must run, fight and hide before her body shuts down.",2024,20241h 32m,5.8,47K,,seasoned killer injects grieving woman paralytic agent must run fight hide body shuts
tt32768323,The Assessment,"In the near future where parenthood is strictly controlled, a couple's seven-day assessment for the right to have a child unravels into a psychological nightmare.",2024,20241h 54m,6.6,25K,,near future parenthood strictly controlled couple seven day assessment right child unravels psychological nightmare
tt34365591,Mahavatar Narsimha,The demon Hiranyakashyap seeks revenge on Vishnu and declares himself a god. His son Prahlad remains devoted to Vishnu. Vishnu manifests as Narsimha to defeat the demon and restore balance.,2024,20242h 10m,8.5,48K,,demon hiranyakashyap seeks revenge vishnu declares god son prahlad remains devoted vishnu vishnu manifests narsimha defeat demon restore balance
tt23558280,Elevation,A single father and two women venture from the safety of their homes to face monstrous creatures to save the life of a young boy.,2024,20241h 31m,5.7,32K,,single father two women venture safety homes face monstrous creatures save life young boy
tt41894389,Our Crossroads,"Ian arrives to shoot a portrait of Barbara and Bob Fraley, who took in six orphaned children after their parents died in accident. Through flashbacks, Ian witnesses their struggle for guardianship and faith, challenging his own skepticism.",2024,20241h 45m,6.8,23,,ian arrives shoot portrait barbara bob fraley took six orphaned children parents died accident flashbacks ian witnesses struggle guardianship faith challenging skepticism
tt11097384,Spaceman,"Half a year into his solo mission on the edge of the solar system, an astronaut concerned with the state of his life back on Earth is helped by an ancient creature he discovers in the bowels of his ship.",2024,20241h 47m,5.7,48K,,half year solo mission edge solar system astronaut concerned state life back earth helped ancient creature discovers bowels ship
tt26731216,The Forge,"After graduating from high school without any plans for the future, Isaiah receives a push to start making better life decisions.",2024,20242h 4m,6.7,6.4K,,graduating high school without plans future isaiah receives push start making better life decisions
tt23853982,Parthenope,"A woman born in the sea of Naples in 1950 searches for happiness over the long summers of her youth, falling in love with her home city and its many memorable characters.",2024,20242h 17m,6.5,21K,,woman born sea naples searches happiness long summers youth falling love home city many memorable characters
tt22042346,2073,A woman living in a ruined Earth tries to comprehend how the world was destroyed.,2024,20241h 25m,5.1,4.9K,,woman living ruined earth tries comprehend world destroyed
tt21235248,Ghostbusters: Frozen Empire,"When the discovery of an ancient artifact unleashes an evil force, Ghostbusters new and old must join forces to protect their home and save the world from a second ice age.",2024,20241h 55m,6.1,107K,,discovery ancient artifact unleashes evil force ghostbusters new old must join forces protect home save world second ice age
tt9214772,Monkey Man,An anonymous young man unleashes a campaign of vengeance against the corrupt leaders who murdered his mother and continue to systematically victimize the poor and powerless.,2024,20242h 1m,6.8,101K,,anonymous young man unleashes campaign vengeance corrupt leaders murdered mother continue systematically victimize poor powerless
tt22939186,Arcadian,A father and his twin teenage sons fight to survive in a remote farmhouse at the end of the world.,2024,20241h 32m,5.5,29K,,father twin teenage sons fight survive remote farmhouse end world
tt10243672,Joy,"3 trailblazers: a young nurse, a visionary scientist and an innovative surgeon face opposition from the church, state, media, and medical establishment in their pursuit of the world's first 'test tube baby,' Louise Joy Brown.",2024,20241h 55m,7.1,12K,,trailblazers young nurse visionary scientist innovative surgeon face opposition church state media medical establishment pursuit world first test tube baby louise joy brown
tt14371878,Lift,A female master thief and her ex-boyfriend who works for the FBI team up to steal $100M worth of gold bullion being transported on a 777 passenger flight from London to Zurich.,2024,20241h 47m,5.6,53K,,female master thief boyfriend works fbi team steal worth gold bullion transported passenger flight london zurich
tt14260836,Better Man,"A singular profile of pop superstar Robbie Williams, chronicling his meteoric rise, dramatic fall, and remarkable resurgence.",2024,20242h 15m,7.5,47K,,singular profile pop superstar robbie williams chronicling meteoric rise dramatic fall remarkable resurgence
tt11762114,Mean Girls,"Cady Heron is a hit with the Plastics, an A-list girl clique at her new school. But everything changes when she makes the mistake of falling for Aaron Samuels, the ex-boyfriend of alpha Plastic Regina George.",2024,20241h 52m,5.5,42K,,cady heron hit plastics list girl clique new school everything changes makes mistake falling aaron samuels boyfriend alpha plastic regina george
tt22173666,Azrael,"In a world where no one speaks, a devout female-led community hunts down a young woman who has escaped imprisonment. Recaptured, Azrael is due to be sacrificed to an ancient evil in the wilderness, but fights for her own survival.",2024,20241h 26m,5.3,15K,,world one speaks devout female led community hunts young woman escaped imprisonment recaptured azrael due sacrificed ancient evil wilderness fights survival
tt28510079,Your Fault,"Despite their parents' efforts to separate them, Noah and Nick's love seems unbreakable. However, work and college open their lives to new relationships.",2024,20241h 58m,5.3,20K,,despite parents efforts separate noah nick love seems unbreakable however work college open lives new relationships
tt28249919,Presence,A family becomes convinced they are not alone after moving into their new home in the suburbs.,2024,20241h 24m,6.1,44K,,family becomes convinced alone moving new home suburbs
tt11687002,The Outrun,"After living life on the edge in London, Rona attempts to come to terms with her troubled past. Hoping to heal, she returns to the wild beauty of Scotland's Orkney Islands where she grew up.",2024,20241h 58m,6.9,23K,,living life edge london rona attempts come terms troubled past hoping heal returns wild beauty scotland orkney islands grew
tt28082769,September 5,"During the 1972 Summer Olympics in Munich, Germany, an American sports broadcasting team must adapt to live coverage of the Israeli athletes being held hostage by a terrorist group.",2024,20241h 35m,7.1,37K,,summer olympics munich germany american sports broadcasting team must adapt live coverage israeli athletes held hostage terrorist group
tt22050754,The Strangers: Chapter 1,"After their car breaks down in an eerie small town, a young couple is forced to spend the night in a remote cabin. Panic ensues as they are terrorized by three masked strangers who strike with no mercy and seemingly no motive.",2024,20241h 31m,4.7,31K,,car breaks eerie small town young couple forced spend night remote cabin panic ensues terrorized three masked strangers strike mercy seemingly motive
tt1340094,The Crow,"Soulmates Eric and Shelly are brutally murdered. Given a chance to save the love of his life, Eric must sacrifice himself and traverse the worlds of the living and the dead, seeking revenge.",2024,20241h 51m,4.7,42K,,soulmates eric shelly brutally murdered given chance save love life eric must sacrifice traverse worlds living dead seeking revenge
tt2256055,Witchboard,"A cursed Witchboard awakens dark forces, dragging a young couple into a deadly game of possession and deception",2024,20241h 52m,5.1,3.4K,,cursed witchboard awakens dark forces dragging young couple deadly game possession deception
tt13652286,Fight or Flight,A mercenary takes on the job of tracking down a target on a plane but must protect that target when they're surrounded by people trying to kill both of them.,2024,20241h 42m,6.4,28K,,mercenary takes job tracking target plane must protect target surrounded people trying kill
tt20221436,Emilia Pérez,"It follows three remarkable women in Mexico, each pursuing their own happiness. Cartel leader Emilia enlists unappreciated lawyer Rita to help fake her death so that she can finally live authentically as her true self.",2024,20242h 12m,5.3,135K,,follows three remarkable women mexico pursuing happiness cartel leader emilia enlists unappreciated lawyer rita help fake death finally live authentically true self
tt30852384,All of You,A stirring near-futuristic romance of two best friends who harbor an unspoken love for one another even after a test matches one of them up with their supposed soulmate.,2024,20241h 38m,6.3,10K,,stirring near futuristic romance two best friends harbor unspoken love one another even test matches one supposed soulmate
tt5672290,The First Omen,"A young American woman is sent to Rome to begin a life of service to the church, but encounters a darkness that causes her to question her faith and uncovers a terrifying conspiracy that hopes to bring about the birth of evil incarnate.",2024,20241h 59m,6.5,72K,,young american woman sent rome begin life service church encounters darkness causes question faith uncovers terrifying conspiracy hopes bring birth evil incarnate
tt33400719,Strange Harvest,"Detectives are thrust into a chilling hunt for ""Mr. Shiny""-a sadistic serial killer from the past whose return marks the beginning of a new wave of grotesque, otherworldly crimes tied to a dark cosmic force.",2024,20241h 34m,6.3,7.2K,,detectives thrust chilling hunt shiny sadistic serial killer past whose return marks beginning new wave grotesque otherworldly crimes tied dark cosmic force
tt30321133,Will & Harper,"In this intimate portrayal of friendship, transition and America, Will Ferrell and his close friend of thirty years decide to go on a cross-country road trip to explore a new chapter in their relationship.",2024,20241h 54m,7.4,14K,,intimate portrayal friendship transition america ferrell close friend thirty years decide cross country road trip explore new chapter relationship
tt15245268,Young Hearts,Elias develops feelings for his new neighbor Alexander. He soon realizes he's falling in love for the first time.,2024,20241h 39m,7.9,9.3K,,elias develops feelings new neighbor alexander soon realizes falling love first time
tt26757462,Hellboy: The Crooked Man,"Hellboy and a rookie B.P.R.D. agent in the 1950s are sent to the Appalachians, where they discover a remote community dominated by witches and led by the sinister local demon, the Crooked Man.",2024,20241h 39m,4.5,18K,,hellboy rookie agent sent appalachians discover remote community dominated witches led sinister local demon crooked man
tt14999684,Shelby Oaks,A woman's obsessive search for her missing sister leads her into a terrifying mystery at the hands of an unknown evil.,2024,20241h 31m,5.3,15K,,woman obsessive search missing sister leads terrifying mystery hands unknown evil
tt15338966,Reunion,"Snowbound at their high school reunion, former classmates uncover a murder and scramble to identify the killer among them before they're all iced out for good.",2024,20241h 30m,5.6,7.5K,,snowbound high school reunion former classmates uncover murder scramble identify killer among iced good
tt27813235,The Surfer,"A man returns to his childhood beach in Australia, but is forced into a fight for survival by a territorial group called the Bay Boys.",2024,20241h 40m,5.9,22K,,man returns childhood beach australia forced fight survival territorial group called bay boys
tt21272942,The Strangers' Case,"Five strangers are pulled together, colliding on a single night where survival is uncertain.",2024,20241h 43m,8.1,13K,,five strangers pulled together colliding single night survival uncertain
tt29439114,The Room Next Door,"Ingrid and Martha were close friends in their youth, when they worked together at the same magazine. After years of being out of touch, they meet again in an extreme but strangely sweet situation.",2024,20241h 47m,6.8,28K,,ingrid martha close friends youth worked together magazine years touch meet extreme strangely sweet situation
tt24176060,Queer,"In 1950s Mexico City, an American immigrant in his late forties leads a solitary life amidst a small American community. However, the arrival of a young student stirs the man into finally establishing a meaningful connection with someone.",2024,20242h 17m,6.3,31K,,mexico city american immigrant late forties leads solitary life amidst small american community however arrival young student stirs man finally establishing meaningful connection someone
tt19704542,Sidelined: The QB and Me,A headstrong dancer and a cocky quarterback fight against their feelings for each other as their post-grad future threatens to keep them apart.,2024,20241h 39m,5.7,6.7K,,headstrong dancer cocky quarterback fight feelings post grad future threatens keep apart
tt0327785,The Killer's Game,"When a hitman is diagnosed with a terminal illness, he decides to take a hit out on himself. But when the very hitmen he hired also target his ex-girlfriend, he must fend off an army of assassin colleagues.",2024,20241h 44m,5.8,22K,,hitman diagnosed terminal illness decides take hit hitmen hired also target girlfriend must fend army assassin colleagues
tt19356262,Drive-Away Dolls,"Jamie regrets her breakup with her girlfriend, while Marian needs to relax. In search of a fresh start, they embark on an unexpected road trip to Tallahassee. Things quickly go awry when they cross paths with a group of inept criminals.",2024,20241h 24m,5.4,29K,,jamie regrets breakup girlfriend marian needs relax search fresh start embark unexpected road trip tallahassee things quickly awry cross paths group inept criminals
tt5822536,Paddington in Peru,"Paddington returns to Peru to visit his beloved Aunt Lucy, who now resides at the Home for Retired Bears. With the Brown family in tow, a thrilling adventure ensues when a mystery plunges them into an unexpected journey.",2024,20241h 46m,6.6,36K,,paddington returns peru visit beloved aunt lucy resides home retired bears brown family tow thrilling adventure ensues mystery plunges unexpected journey
tt3083016,Beverly Hills Cop: Axel F,Axel Foley returns to Beverly Hills after his daughter's life is threatened for a family reunion that includes old pals John Taggart and Billy Rosewood to uncover a conspiracy.,2024,20241h 58m,6.4,88K,,axel foley returns beverly hills daughter life threatened family reunion includes old pals john taggart billy rosewood uncover conspiracy
tt21051906,A Family Affair,"A surprising romance kicks off comic consequences for a young woman, her mother, and her movie-star boss as they face the complications of love, sex, and identity.",2024,20241h 51m,5.4,40K,,surprising romance kicks comic consequences young woman mother movie star boss face complications love sex identity
tt24458622,The Six Triple Eight,"During World War II, 855 women joined the fight to fix the three-year backlog of undelivered mail. Faced with discrimination and a country devastated by war, they managed to sort more than 17 million pieces of mail ahead of time.",2024,20242h 7m,6.7,32K,,world war women joined fight fix three year backlog undelivered mail faced discrimination country devastated war managed sort million pieces mail ahead time
tt30327451,The Marching Band,A world-famous orchestra conductor discovers the brother he never knew he had — a school cafeteria worker who plays trombone in a local marching band.,2024,20241h 42m,7.4,7K,,world famous orchestra conductor discovers brother never knew school cafeteria worker plays trombone local marching band
tt28613536,Bob Trevino Likes It,"When lonely 20-something Lily Trevino accidentally befriends a stranger online who shares the same name as her own self-centered father, encouragement and support from this new Bob Trevino could change her life.",2024,20241h 41m,7.4,8.1K,,lonely something lily trevino accidentally befriends stranger online shares name self centered father encouragement support new bob trevino change life
tt30970235,Article 370,"Ahead of a major constitutional decision, special agent Zooni Haksar is tasked with a secret mission to quell violence in a conflict-ridden region.",2024,20242h 38m,7.8,29K,,ahead major constitutional decision special agent zooni haksar tasked secret mission quell violence conflict ridden region
tt21942598,Freaky Tales,"Four interconnected stories set in 1987 Oakland, CA. will tell about the love of music, movies, people, places and memories beyond our knowable universe.",2024,20241h 47m,6.2,19K,,four interconnected stories set oakland tell love music movies people places memories beyond knowable universe
tt23770030,Memoir of a Snail,"A bittersweet memoir of a melancholic woman called Grace Pudel - a hoarder of snails, romance novels, and guinea pigs.",2024,20241h 34m,7.8,26K,,bittersweet memoir melancholic woman called grace pudel hoarder snails romance novels guinea pigs
tt13778486,Succubus,"A new father struggling with fatigue, emotional insecurities, and a failing marriage joins a dating app, only to swipe right on what may be an inhuman presence.",2024,20241h 43m,4.7,2.3K,,new father struggling fatigue emotional insecurities failing marriage joins dating app swipe right may inhuman presence
tt26458038,Manjummel Boys,"A group of friends get into a daring rescue mission to save their friend from Guna Caves, a perilously deep pit from where nobody has ever been brought back.",2024,20242h 15m,8.2,34K,,group friends get daring rescue mission save friend guna caves perilously deep pit nobody ever brought back
tt23778968,Thelma,"When 93-year-old Thelma Post gets duped by a phone scammer pretending to be her grandson, she sets out on a treacherous quest across the city to reclaim what was taken from her.",2024,20241h 38m,6.9,30K,,year old thelma post gets duped phone scammer pretending grandson sets treacherous quest across city reclaim taken
tt15042300,On Swift Horses,"Muriel and her husband Lee are about to begin a bright new life, which is upended by the arrival of Lee's brother. Muriel embarks on a secret life, gambling on racehorses and discovering a love she never thought possible.",2024,20241h 59m,6.0,6.8K,,muriel husband lee begin bright new life upended arrival lee brother muriel embarks secret life gambling racehorses discovering love never thought possible
tt8542964,Sleeping Dogs,"An ex-homicide detective with memory loss is forced to solve a brutal murder, only to uncover chilling secrets from his forgotten past.",2024,20241h 50m,6.2,28K,,homicide detective memory loss forced solve brutal murder uncover chilling secrets forgotten past
tt30953759,No Other Land,This film made by a Palestinian-Israeli collective shows the destruction of the occupied West Bank's Masafer Yatta by Israeli soldiers and the alliance which develops between the Palestinian activist Basel and Israeli journalist Yuval.,2024,20241h 32m,8.2,56K,,film made palestinian israeli collective shows destruction occupied west bank masafer yatta israeli soldiers alliance develops palestinian activist basel israeli journalist yuval
tt5177114,Young Woman and the Sea,"The story of competitive swimmer Gertrude Ederle, who, in 1926, was the first woman to ever swim across the English Channel.",2024,20242h 9m,7.5,20K,,story competitive swimmer gertrude ederle first woman ever swim across english channel
tt30971388,If I Tell You,"Set in the Iron Range area of Minnesota, the story follows Michael, 12, a happy, friendly kid, whose life is changed the night his mom comes home with a black eye and bruised lip.",2024,,7.5,33,,set iron range area minnesota story follows michael happy friendly kid whose life changed night mom comes home black eye bruised lip
tt33366456,Corina,"Corina, a 20-year-old housebound woman, accidentally compromises her publishing company's famous book saga. To save her job and the company, she must overcome her fears and, aided by Carlos, embark on a journey to find a mysterious writer.",2024,20241h 36m,7.0,1.1K,,corina year old housebound woman accidentally compromises publishing company famous book saga save job company must overcome fears aided carlos embark journey find mysterious writer
tt15980138,Kishkindha Kaandam,"Strange events unfold in a monkey-inhabited village, prompting a newlywed pair and forest officials to embark on a mission to uncover the root cause of the peculiar disturbances.",2024,20242h 13m,8.0,17K,,strange events unfold monkey inhabited village prompting newlywed pair forest officials embark mission uncover root cause peculiar disturbances
tt20212786,The Shrouds,"Karsh, an innovative businessman and grieving widower, builds a device to connect with the dead inside a burial shroud.",2024,20242h,5.7,9.5K,,karsh innovative businessman grieving widower builds device connect dead inside burial shroud
tt29272469,Golam,A mysterious death during work hours in an office puzzles all but only Investigator ASP Sandeep Krishna observes it as a murder.,2024,20242h,7.2,7.6K,,mysterious death work hours office puzzles investigator asp sandeep krishna observes murder
tt30852970,Lover Stalker Killer,"In this twisting documentary, a mechanic tries online dating for the first time and meets a woman who takes romantic obsession to a deadly extreme.",2024,20241h 30m,7.0,15K,,twisting documentary mechanic tries online dating first time meets woman takes romantic obsession deadly extreme
tt27367464,Kneecap,"When fate brings Belfast teacher JJ into the orbit of self-confessed ""low life scum"" Naoise and Liam Óg, the needle drops on a hip hop act like no other. Rapping in their native Irish, they lead a movement to save their mother tongue.",2024,20241h 45m,7.6,26K,,fate brings belfast teacher orbit self confessed low life scum naoise liam needle drops hip hop act like rapping native irish lead movement save mother tongue
tt3864060,Unstoppable,"Centers around the life of wrestler Anthony Robles, who was born with one leg and won a national championship in 2011 while competing at Arizona State University.",2024,20241h 56m,6.8,5.5K,,centers around life wrestler anthony robles born one leg won national championship competing arizona state university
tt12706836,Shell,"Desperate to reclaim her career, an once-beloved actress is drawn into the glamorous world of a wellness mogul, only to uncover the monstrous truth beneath its flawless surface.",2024,20241h 40m,4.9,4.6K,,desperate reclaim career beloved actress drawn glamorous world wellness mogul uncover monstrous truth beneath flawless surface
tt30476518,Big World,"Liu Chunhe, a young man with cerebral palsy, overcomes physical and mental barriers while fulfilling his grandmother's dream and discovering his life's purpose, leading to transformation and a fresh start.",2024,20242h 11m,7.6,3K,,liu chunhe young man cerebral palsy overcomes physical mental barriers fulfilling grandmother dream discovering life purpose leading transformation fresh start
tt21188080,Lisa Frankenstein,"A coming of RAGE love story about a teenager and her crush, who happens to be a corpse. After a set of horrific circumstances bring him back to life, the two embark on a journey to find love, happiness - and a few missing body parts.",2024,20241h 41m,6.1,33K,,coming rage love story teenager crush happens corpse set horrific circumstances bring back life two embark journey find love happiness missing body parts
tt28821371,MadS,"A teenager stops off to see his dealer to test a new drug before heading off for a night of partying. On the way home, he picks up an injured woman and the night takes a surreal turn.",2024,20241h 28m,6.3,13K,,teenager stops see dealer test new drug heading night partying way home picks injured woman night takes surreal turn
tt31711040,Look Back,"The overly confident Fujino and the shut-in Kyomoto couldn't be more different, but a love of drawing manga brings these two small-town girls together.",2024,202458m,7.8,23K,,overly confident fujino shut kyomoto couldn different love drawing manga brings two small town girls together
tt27679443,Reading Lolita in Tehran,A professor in revolutionary Iran gathers her most dedicated female students to study banned literary classics. Based on Azar Nafisi's beloved memoir.,2024,20241h 47m,6.2,1.4K,,professor revolutionary iran gathers dedicated female students study banned literary classics based azar nafisi beloved memoir
tt10236164,The Girl with the Needle,"Copenhagen 1919: A young worker finds herself unemployed and pregnant. She meets Dagmar, who runs an underground adoption agency. A strong connection grows but her world shatters when she stumbles on the shocking truth behind her work.",2024,20242h 3m,7.5,21K,,copenhagen young worker finds unemployed pregnant meets dagmar runs underground adoption agency strong connection grows world shatters stumbles shocking truth behind work
tt27524853,Heresy,"In a medieval Dutch village, a young woman is caught between her faith, fanatic townsfolk and the dark forces lurking in the woods.",2024,20241h 1m,6.3,1.6K,,medieval dutch village young woman caught faith fanatic townsfolk dark forces lurking woods
tt23137904,Rebel Moon - Part Two: The Scargiver,"Kora and surviving warriors prepare to defend Veldt, their new home, alongside its people against the Realm. The warriors face their pasts, revealing their motivations before the Realm's forces arrive to crush the growing rebellion.",2024,20242h 2m,5.3,64K,,kora surviving warriors prepare defend veldt new home alongside people realm warriors face pasts revealing motivations realm forces arrive crush growing rebellion
tt24577462,AfrAId,The Pike family is selected to test a new home device: a digital assistant called AIA. AIA learns the family's behaviors and begins to anticipate their needs. And she can make sure nothing - and no one - gets in her family's way.,2024,20241h 24m,5.2,18K,,pike family selected test new home device digital assistant called aia aia learns family behaviors begins anticipate needs make sure nothing one gets family way
tt12735488,Kalki 2898-AD,A pregnant woman comes under the protection of an immortal warrior while being tracked down by bounty hunters.,2024,20243h,7.0,77K,,pregnant woman comes protection immortal warrior tracked bounty hunters
tt20247888,Emmanuelle,"In search of a lost pleasure, Emmanuelle travels alone to Hong Kong on a business mission. In the vibrant and sensual global city, she indulges in intense encounters and new experiences.",2024,20241h 47m,4.1,3.5K,,search lost pleasure emmanuelle travels alone hong kong business mission vibrant sensual global city indulges intense encounters new experiences
tt15939198,Blitz,The stories of a group of Londoners during the German bombing campaign of the British capital during World War II.,2024,20242h,6.2,19K,,stories group londoners german bombing campaign british capital world war
tt23782584,Nr. 24,"Young apprentice Gunnar Sønsteby from Rjukan decides to resist Nazi-Germany on the day of the invasion to later become the leader of the ""Oslo-gang"" carrying out countless daring acts of sabotage making him Norway's greatest war hero.",2024,20241h 51m,7.5,21K,,young apprentice gunnar nsteby rjukan decides resist nazi germany day invasion later become leader oslo gang carrying countless daring acts sabotage making norway greatest war hero
tt10171472,Goodrich,"Andy Goodrich's life is upended when his wife enters a rehab program, leaving him on his own with their young kids. Goodrich leans on Grace, his daughter from his first marriage, as he ultimately evolves into the father she never had.",2024,20241h 50m,6.4,8.3K,,andy goodrich life upended wife enters rehab program leaving young kids goodrich leans grace daughter first marriage ultimately evolves father never
tt30321146,In a Violent Nature,"When a locket is removed from a collapsed fire tower in the woods that entombs the rotting corpse of Johnny, a vengeful spirit spurred on by a horrific 70-year old crime, his body is resurrected and becomes hellbent on retrieving it.",2024,20241h 34m,5.5,32K,,locket removed collapsed fire tower woods entombs rotting corpse johnny vengeful spirit spurred horrific year old crime body resurrected becomes hellbent retrieving
tt6300910,The Unholy Trinity,Buried secrets of an 1870s Montana town spark violence when a young man returns to reclaim his legacy and is caught between a sheriff determined to maintain order and a mysterious stranger hell-bent on destroying it.,2024,20241h 35m,5.5,7.2K,,buried secrets montana town spark violence young man returns reclaim legacy caught sheriff determined maintain order mysterious stranger hell bent destroying
tt19364132,Drugstore June,"After the pharmacy in her small town is robbed, a girl who still lives at home with her parents takes matters into her own hands to solve the crime, while at the same time trying to get over her ex-boyfriend and become more of an adult.",2024,20241h 31m,5.4,2.4K,,pharmacy small town robbed girl still lives home parents takes matters hands solve crime time trying get boyfriend become adult
tt20316748,Twilight of the Warriors: Walled In,"Follows troubled youth Chan Lok-kwun as he accidentally enters the Walled City, discovers the order amidst its chaos, and learns important life lessons along the way.",2024,20242h 6m,6.9,13K,,follows troubled youth chan lok kwun accidentally enters walled city discovers order amidst chaos learns important life lessons along way
tt27775403,Riff Raff,A former criminal's ordinary life is turned upside down when his old family shows up for a long-awaited reunion.,2024,20241h 43m,5.7,9.2K,,former criminal ordinary life turned upside old family shows long awaited reunion
tt14445366,The Lost Daughter,"A young woman follows a mysterious melody onto a remote tidal island. When she crosses back over at the next low tide, she emerges into a world where 25 years have passed.",2024,20241h 39m,5.1,509,,young woman follows mysterious melody onto remote tidal island crosses back next low tide emerges world years passed
tt14415204,Never Let Go,A family that has been haunted by an evil spirit for years. Their safety and their surroundings come into question when one of the children questions if the evil is real.,2024,20241h 41m,5.4,20K,,family haunted evil spirit years safety surroundings come question one children questions evil real
tt34142873,Mon Potongo,"Two young outcasts from different faiths dream of owning a luxury armchair they see in a store window. Working as laborers in the big city, they fight against social barriers and poverty to make their shared dream come true.",2024,20242h 29m,5.0,1.1K,,two young outcasts different faiths dream owning luxury armchair see store window working laborers big city fight social barriers poverty make shared dream come true
tt31193791,The Last Showgirl,A seasoned showgirl must plan for her future when her show abruptly closes after a 30-year run.,2024,20241h 28m,6.5,22K,,seasoned showgirl must plan future show abruptly closes year run
tt13186604,Uglies,A world in which a compulsory operation wipes out physical differences and makes everyone pretty.,2024,20241h 40m,4.7,38K,,world compulsory operation wipes physical differences makes everyone pretty
tt20201748,Greedy People,Follows the residents of a small island town who must navigate a sensational murder and the discovery of a million dollars; a series of increasingly bad decisions upend the once peaceful community.,2024,20241h 52m,6.2,16K,,follows residents small island town must navigate sensational murder discovery million dollars series increasingly bad decisions upend peaceful community
tt26940053,The Summer Book,"A young girl, Sophia (Emily Matthews) spends the summer with her father (Anders Danielsen Lie) and grandmother (Glenn Close) on a small island in the Gulf of Finland, as the family grapples with the recent death of Sophia's mother.",2026,20261h 30m,6.5,1.6K,,young girl sophia emily matthews spends summer father anders danielsen lie grandmother glenn close small island gulf finland family grapples recent death sophia mother
tt31392609,How to Make Millions Before Grandma Dies,"A man, driven by his desire for a multi-million dollar inheritance, begins to care for his terminally ill grandmother. However, winning her favor will not be an easy task and he is not the only one with an eye on the money.",2024,20242h 5m,7.9,23K,,man driven desire multi million dollar inheritance begins care terminally ill grandmother however winning favor easy task one eye money
tt23055660,Nickel Boys,A powerful friendship develops between two young Black men as they navigate the harrowing trials of reform school together.,2024,20242h 20m,6.9,24K,,powerful friendship develops two young black men navigate harrowing trials reform school together
tt26940324,Jackpot!,"In the near future, a 'Grand Lottery' has been newly established in California - the catch: kill the winner before sundown to legally claim their multi-billion dollar jackpot.",2024,20241h 46m,5.8,35K,,near future grand lottery newly established california catch kill winner sundown legally claim multi billion dollar jackpot
tt17492148,Psycho Therapy: The Shallow Tale of a Writer Who Decided to Write About a Serial Killer,"A writer in a creative crisis befriends a retired serial killer, who becomes his marriage therapist and consultant for a new book. But his wife begins to suspect she might be a target.",2024,20241h 42m,6.2,4.2K,,writer creative crisis befriends retired serial killer becomes marriage therapist consultant new book wife begins suspect might target
tt9860566,Brothers,"Two criminal twin brothers, one who is trying to reform, embark on a dangerous heist road trip. Facing legal troubles, gunfights, and family drama, they must reconcile their differences before their mission leads to self-destruction.",2024,20241h 29m,5.4,16K,,two criminal twin brothers one trying reform embark dangerous heist road trip facing legal troubles gunfights family drama must reconcile differences mission leads self destruction
tt26237514,Bonhoeffer,"As the world teeters on the brink of annihilation, Dietrich Bonhoeffer joins a deadly plot to assassinate Hitler, risking his faith and fate to save millions of Jews from genocide.",2024,20242h 13m,6.2,4.8K,,world teeters brink annihilation dietrich bonhoeffer joins deadly plot assassinate hitler risking faith fate save millions jews genocide
tt13885428,Anweshippin Kandethum,Revolves around two major crimes that shook kerala and the subsequent inquiry into the cases by sop.,2024,20242h 22m,7.4,13K,,revolves around two major crimes shook kerala subsequent inquiry cases sop
tt27578157,Colors of Evil: Red,"When a girl's body is found on a beach in Poland's Tricity, a prosecutor teams up with the victim's mother on an impassioned quest for the truth.",2024,20241h 51m,6.4,11K,,girl body found beach poland tricity prosecutor teams victim mother impassioned quest truth
tt22767628,Blackwater Lane,Late one night a woman drives by a stranded motorist who is later revealed to have been murdered. After a series of terrifying events the woman believes she is the killer's next victim.,2024,20241h 48m,4.6,3.3K,,late one night woman drives stranded motorist later revealed murdered series terrifying events woman believes killer next victim
tt11240348,The Exorcism,A troubled actor begins to exhibit a disruptive behavior while shooting a horror film. His estranged daughter wonders if he's slipping back into his past addictions or if there's something more sinister at play.,2024,20241h 35m,4.2,14K,,troubled actor begins exhibit disruptive behavior shooting horror film estranged daughter wonders slipping back past addictions something sinister play
tt14856980,Atlas,"In a bleak-sounding future, an A.I. soldier has determined that the only way to end war is to end humanity.",2024,20241h 58m,5.7,60K,,bleak sounding future soldier determined way end war end humanity
tt7737224,Turtles All the Way Down,A teenager with OCD tries to solve a mystery surrounding a fugitive billionaire.,2024,20241h 51m,6.6,9.2K,,teenager ocd tries solve mystery surrounding fugitive billionaire
tt23330554,Winnie-the-Pooh: Blood and Honey 2,"Not wanting to live in the shadows any longer, Winnie-the-Pooh, Piglet, Owl, and Tigger take their fight to the town of Ashdown, leaving a bloody trail of death and mayhem in their wake.",2024,20241h 33m,4.6,13K,,wanting live shadows longer winnie pooh piglet owl tigger take fight town ashdown leaving bloody trail death mayhem wake
tt29536384,Lake George,"Two misfit oddballs embark on a road trip, strike a dubious deal too enticing to refuse, and find redemption amid shady circumstances.",2024,20241h 48m,6.5,2.4K,,two misfit oddballs embark road trip strike dubious deal enticing refuse find redemption amid shady circumstances
tt27218960,Y2K,Two high-school nobodies make the decision to crash a Y2K party. The night becomes even crazier than they could have ever dreamed when the clock strikes midnight.,2024,20241h 31m,4.7,21K,,two high school nobodies make decision crash party night becomes even crazier ever dreamed clock strikes midnight
tt9883398,Long Distance,"It follows an asteroid miner who, after crash-landing on an alien planet, must make his way across the harsh terrain, running out of oxygen, hunted by strange creatures, to the only other survivor.",2024,20241h 26m,5.7,7K,,follows asteroid miner crash landing alien planet must make way across harsh terrain running oxygen hunted strange creatures survivor
tt21284218,Incoming,Four freshmen navigate the terrors of adolescence at their first-ever high school party.,2024,20241h 31m,5.8,17K,,four freshmen navigate terrors adolescence first ever high school party
tt14371860,Apartment 7A,"A struggling young dancer finds herself drawn in by dark forces when a peculiar, well-connected older couple promise her a shot at fame.",2024,20241h 47m,5.9,21K,,struggling young dancer finds drawn dark forces peculiar well connected older couple promise shot fame
tt18108824,The Friend,"When a solitary writer adopts and bonds with a Great Dane that belonged to a late friend, she begins to come to terms with her past and her own creative inner life.",2024,20241h 59m,6.4,7.8K,,solitary writer adopts bonds great dane belonged late friend begins come terms past creative inner life
tt5779228,The Garfield Movie,"After Garfield's unexpected reunion with his long-lost father, ragged alley cat Vic, he and his canine friend Odie are forced from their perfectly pampered lives to join Vic on a risky heist.",2024,20241h 41m,5.7,29K,,garfield unexpected reunion long lost father ragged alley cat vic canine friend odie forced perfectly pampered lives join vic risky heist
tt17163970,Wallace & Gromit: Vengeance Most Fowl,Top dog Gromit springs into action to save his master when Wallace's high-tech invention goes rogue and he is framed for a series of suspicious crimes.,2024,20241h 22m,7.5,42K,,top dog gromit springs action save master wallace high tech invention goes rogue framed series suspicious crimes
tt22893404,Maria,"Maria Callas, the world's greatest opera singer, lives the last days of her life in 1970s Paris, as she confronts her identity.",2024,20242h 4m,6.4,26K,,maria callas world greatest opera singer lives last days life paris confronts identity
tt30319503,Didi,"In 2008, during the last month of summer before high school begins, an impressionable 13-year-old Taiwanese American boy learns what his family can't teach him: how to skate, how to flirt, and how to love your mom.",2024,20241h 33m,7.3,16K,,last month summer high school begins impressionable year old taiwanese american boy learns family teach skate flirt love mom
tt32178949,The Seed of the Sacred Fig,"An investigating judge struggles with paranoia amid political unrest in Tehran caused by the death of a young woman. When his gun goes missing, he suspects his wife and daughters, imposing harsh measures that fray family ties.",2024,20242h 47m,7.5,21K,,investigating judge struggles paranoia amid political unrest tehran caused death young woman gun goes missing suspects wife daughters imposing harsh measures fray family ties
tt12964320,Role Play,"Emma has a wonderful husband and two kids in the suburbs of New Jersey. She also has a secret life as an assassin for hire, a secret that her husband Dave discovers when the couple decide to spice up their marriage with a little role play.",2024,20241h 40m,5.5,21K,,emma wonderful husband two kids suburbs new jersey also secret life assassin hire secret husband dave discovers couple decide spice marriage little role play
tt26677014,The Penguin Lessons,A disillusioned Englishman who goes to work in a school in a divided Argentina in 1976 finds his life transformed when he rescues an orphaned penguin from the beach.,2024,20241h 51m,7.1,12K,,disillusioned englishman goes work school divided argentina finds life transformed rescues orphaned penguin beach
tt11001074,Rust,An orphaned boy of 13 left to fend for himself and his younger brother in 1880s Wyoming is sentenced to hang for the accidental killing of a local rancher. His estranged grandfather breaks him out of jail and they go on the run to Mexico.,2024,20242h 19m,5.8,5.3K,,orphaned boy left fend younger brother wyoming sentenced hang accidental killing local rancher estranged grandfather breaks jail run mexico
tt27599851,Apocalypse Z: The Beginning of the End,"Manel is sheltering from a rabies-like disease which sweeps the planet, until he is forced to leave and meet unlikely but essential traveling companions.",2024,20241h 57m,6.1,24K,,manel sheltering rabies like disease sweeps planet forced leave meet unlikely essential traveling companions
tt13964390,Under Paris,"To save Paris from a bloodbath, a grieving scientist is forced to face her tragic past when a giant shark appears in the Seine.",2024,20241h 44m,5.2,40K,,save paris bloodbath grieving scientist forced face tragic past giant shark appears seine
tt28070202,Queen of the Ring,"In a time when pro wrestling for women was illegal all over the United States, a small town single mother embraces the danger as she dominates a peculiar American niche entertainment industry & becomes the first millionaire female athlete.",2024,20242h 20m,6.4,3.3K,,time pro wrestling women illegal united states small town single mother embraces danger dominates peculiar american niche entertainment industry becomes first millionaire female athlete
tt27676959,Lazareth,"Lee protects her orphaned nieces Imogen and Maeve from a self-destructing world, raising them in isolation until an outsider threatens their peaceful existence.",2024,20241h 26m,4.4,1.2K,,lee protects orphaned nieces imogen maeve self destructing world raising isolation outsider threatens peaceful existence
tt29114029,The Tearsmith,Sometimes our greatest fear is accepting that someone can honestly love us for who we are. Nica and Rigel are ready to find it out together.,2024,20241h 43m,5.2,15K,,sometimes greatest fear accepting someone honestly love nica rigel ready find together
tt27722524,Addition,"A woman counts everything because numbers hold her world together, but when a chance encounter with a man turns her world upside down, her meticulously ordered life starts to unravel.",2024,20241h 31m,6.0,373,,woman counts everything numbers hold world together chance encounter man turns world upside meticulously ordered life starts unravel
tt26238710,Sketch,"When a young girl's sketchbook falls into a strange pond, her drawings come to life-chaotic, real and on the loose. As the town descends into chaos, her family must reunite and stop the monsters they never meant to unleash.",2024,20241h 33m,6.6,6.5K,,young girl sketchbook falls strange pond drawings come life chaotic real loose town descends chaos family must reunite stop monsters never meant unleash
tt16539454,Pushpa: The Rule - Part 2,"As his smuggling empire grows, a brazen Pushpa longs for power and respect on his vengeful journey, while facing old rivals and new.",2024,20243h 21m,6.0,68K,,smuggling empire grows brazen pushpa longs power respect vengeful journey facing old rivals new
tt25147850,King Ivory,"Based upon extensive research with law enforcement, gangs, inmates, migrants, and addicts, an exposé on fentanyl trafficking, and its effect on all walks of life.",2024,20242h 10m,6.2,2.1K,,based upon extensive research law enforcement gangs inmates migrants addicts expos fentanyl trafficking effect walks life
tt16426570,Barron's Cove,"After his son is killed, a father abducts the child responsible, hellbent on revenge.",2024,20241h 56m,6.1,2.4K,,son killed father abducts child responsible hellbent revenge
tt16491560,A Sacrifice,"American social psychologist Ben Monroe investigates a local cult connected to a disturbing event, while his daughter becomes embroiled with a mysterious local boy.",2024,20241h 34m,5.0,7.8K,,american social psychologist ben monroe investigates local cult connected disturbing event daughter becomes embroiled mysterious local boy
tt33428606,Solo Leveling: ReAwakening,"Over a decade after 'gates' connecting worlds appeared, awakening 'hunters' with superpowers, weakest hunter Sung Jinwoo encounters a double dungeon and accepts a mysterious quest, becoming the only one able to level up, changing his fate.",2024,20242h 1m,8.7,18K,,decade gates connecting worlds appeared awakening hunters superpowers weakest hunter sung jinwoo encounters double dungeon accepts mysterious quest becoming one able level changing fate
tt31800329,The Wonderful Story of Henry Sugar and Three More,Four tales unfold in writer-director Wes Anderson's anthology of short films adapted from Roald Dahl's beloved stories.,2024,20241h 28m,7.1,13K,,four tales unfold writer director wes anderson anthology short films adapted roald dahl beloved stories
tt21261712,Back to Black,"The life and music of singer Amy Winehouse, through the journey of adolescence to adulthood and the creation of one of the best-selling albums of our time.",2024,20242h 2m,6.3,32K,,life music singer amy winehouse journey adolescence adulthood creation one best selling albums time
tt32627540,Watchmen: Chapter I,"In 1985, the murder of a government sponsored superhero draws his outlawed colleagues out of retirement and into a mystery that threatens to upend their personal lives and the world itself.",2024,20241h 23m,7.1,8.6K,,murder government sponsored superhero draws outlawed colleagues retirement mystery threatens upend personal lives world
tt26744645,Compulsion,"On the island of Malta, two women get engaged in a string of horrifying murders.",2024,20241h 41m,3.7,685,,island malta two women get engaged string horrifying murders
tt26682012,Daddy's Head,A boy and his stepmother fear for their safety after an eerie creature resembling the boy's recently deceased father visits them.,2024,20241h 32m,5.6,6.8K,,boy stepmother fear safety eerie creature resembling boy recently deceased father visits
tt10449276,Get Away,A family's vacation to a remote getaway takes an unexpected turn when they discover that the island they're on is inhabited by a serial killer.,2024,20241h 26m,5.3,11K,,family vacation remote getaway takes unexpected turn discover island inhabited serial killer
tt19984386,American Star,"An assassin on a final assignment in Fuerteventura, to kill a man he has never met. When his target is delayed, he finds himself drawn to the island, people and a ghostly shipwreck.",2024,20241h 47m,5.5,2.9K,,assassin final assignment fuerteventura kill man never met target delayed finds drawn island people ghostly shipwreck
tt33309194,"Beautiful Evening, Beautiful Day","Four close friends are renowned filmmakers in Yugoslavia in the 1950s, but their sexual orientation raises suspicion. A communist party loyalist is sent to sabotage their lives, turning their pursuit of freedom into a battle for survival.",2024,20242h 17m,7.8,734,,four close friends renowned filmmakers yugoslavia sexual orientation raises suspicion communist party loyalist sent sabotage lives turning pursuit freedom battle survival
tt32331377,The Luckiest Man in America,May 1984. An unemployed ice cream truck driver steps onto the game show Press Your Luck harboring a secret: the key to endless money. But his winning streak is threatened when the bewildered executives uncover his real motivations.,2024,20241h 31m,6.2,8.6K,,may unemployed ice cream truck driver steps onto game show press luck harboring secret key endless money winning streak threatened bewildered executives uncover real motivations
tt8521778,Bob Marley: One Love,"The story of how reggae icon Bob Marley overcame adversity, and the journey behind his revolutionary music.",2024,20241h 47m,6.2,40K,,story reggae icon bob marley overcame adversity journey behind revolutionary music
tt21626774,Sector 36,"A fictional story Inspired by true events, several children go missing from a basti (slum) in Sector 36. A determined police officer must now face off with a cunning serial killer as a chilling investigation and dark secrets unfold.",2024,20242h 3m,7.1,27K,,fictional story inspired true events several children missing basti slum sector determined police officer must face cunning serial killer chilling investigation dark secrets unfold
tt31015278,My Favourite Cake,"Seventy-year-old Mahin, solitary until now, chooses to revive her love life. A chance encounter becomes an unforgettable evening.",2024,20241h 37m,7.4,11K,,seventy year old mahin solitary chooses revive love life chance encounter becomes unforgettable evening
tt31450182,Amber Alert,A ride-share turns into a high-stakes game of cat and mouse after it follows a car fitting the description of an AMBER ALERT.,2024,20241h 30m,6.1,8.6K,,ride share turns high stakes game cat mouse follows car fitting description amber alert
tt27766440,The Salt Path,A couple lose their home and later discover the husband has been diagnosed with a terminal illness as they embark on a year long coastal trek.,2024,20241h 55m,6.6,7.4K,,couple lose home later discover husband diagnosed terminal illness embark year long coastal trek
tt13491834,Sacramento,"An energetic and free-spirited young man convinces his long-time friend, who's settled into domestic life, to go on an impromptu road trip from Los Angeles to Sacramento.",2024,20241h 29m,5.9,4.3K,,energetic free spirited young man convinces long time friend settled domestic life impromptu road trip los angeles sacramento
tt14914430,Unfrosted,"In 1963 Michigan, business rivals Kellogg's and Post compete to create a cake that could change breakfast forever.",2024,20241h 37m,5.5,37K,,michigan business rivals kellogg post compete create cake change breakfast forever
tt29845247,Noise,A woman with a hearing impediment is haunted by sounds linking to her sister's disappearance and the presence of a malevolent spirit.,2024,20241h 33m,5.6,1.6K,,woman hearing impediment haunted sounds linking sister disappearance presence malevolent spirit
tt23468836,Touch,"A romantic and thrilling story that spans several decades and continents; Touch follows one man's emotional journey to find his first love who disappeared 50 years ago, before his time runs out.",2024,20242h 1m,7.4,7.7K,,romantic thrilling story spans several decades continents touch follows one man emotional journey find first love disappeared years ago time runs
tt16431330,A Nice Indian Boy,"When Naveen brings his fiancé Jay home to meet his traditional Indian family, they must contend with accepting his white-orphan-artist boyfriend and helping them plan the Indian wedding of their dreams.",2024,20241h 36m,7.3,8.5K,,naveen brings fianc jay home meet traditional indian family must contend accepting white orphan artist boyfriend helping plan indian wedding dreams
tt26758372,Meiyazhagan,A man's life is changed when he bumps into someone from his hometown in this moving Tamil-language drama; gentle scenes are occasionally punctuated by sporting threat and recollections of violence.,2024,20242h 57m,8.5,23K,,man life changed bumps someone hometown moving tamil language drama gentle scenes occasionally punctuated sporting threat recollections violence
tt21275544,Marmalade,"Baron teams up with his cellmate Otis to plan an escape, all while remembering how he fell for Marmalade and joined her in a risky bank robbery to support his sick mother and pursue a better future.",2024,20241h 39m,6.3,4.8K,,baron teams cellmate otis plan escape remembering fell marmalade joined risky bank robbery support sick mother pursue better future
tt14857528,Time Cut,High school student accidentally travels back to 2003 and decides to stop the serial killer who murdered her sister.,2024,20241h 31m,5.1,23K,,high school student accidentally travels back decides stop serial killer murdered sister
tt28658276,The 4:30 Movie,A group of teens in the 1980s spend the day theater-hopping.,2024,20241h 27m,6.0,4.9K,,group teens spend day theater hopping
tt32928666,Familiar Touch,"An octogenarian woman transitions to life in assisted living as she contends with her conflicting relationship to herself and her caregivers amidst her shifting memory, age identity, and desires.",2024,20241h 30m,7.1,1.5K,,octogenarian woman transitions life assisted living contends conflicting relationship caregivers amidst shifting memory age identity desires
tt28277817,Bird,"Bailey lives with her brother Hunter and her father Bug, who raises them alone in a squat in northern Kent. Bug doesn't have much time to devote to them. Bailey looks for attention and adventure elsewhere.",2024,20241h 59m,7.0,13K,,bailey lives brother hunter father bug raises alone squat northern kent bug doesn much time devote bailey looks attention adventure elsewhere
tt19853698,Música,"A coming-of-age love story that follows an aspiring creator with synesthesia, who must come to terms with an uncertain future, while navigating the pressures of love, family, and his Brazilian culture in Newark, New Jersey.",2024,20241h 31m,6.4,5.5K,,coming age love story follows aspiring creator synesthesia must come terms uncertain future navigating pressures love family brazilian culture newark new jersey
tt30425001,The Last Ronin,"In a post-apocalyptic world ravaged by nuclear war and climate disaster, survivors navigate scorched lands and ruined cities. With technology failing and fuel useless, ammunition becomes the new currency of a desperate civilization.",2024,20241h 55m,5.0,772,,post apocalyptic world ravaged nuclear war climate disaster survivors navigate scorched lands ruined cities technology failing fuel useless ammunition becomes new currency desperate civilization
tt15041836,Werewolves,"After a worldwide pandemic the previous year of people turning into werewolves after a super-moon event, two scientists try to stop the mutation from happening again as part of a team effort, but the experiment goes wildly awry.",2024,20241h 33m,4.4,10K,,worldwide pandemic previous year people turning werewolves super moon event two scientists try stop mutation happening part team effort experiment goes wildly awry
tt29793628,Believer,"A struggling writer finds herself at the center of the story she is covering when brutally attacked by a notorious cult leader and mass murderer, a man who exerts an inexplicable control over his followers.",2024,20241h 48m,4.7,663,,struggling writer finds center story covering brutally attacked notorious cult leader mass murderer man exerts inexplicable control followers
tt18161082,Turn Me On,"Under the control of a pill that eradicates human emotion, a young couple skip doses and discover new feelings, but realize that comes with emotional baggage to deal with.",2024,20241h 39m,5.7,1.2K,,control pill eradicates human emotion young couple skip doses discover new feelings realize comes emotional baggage deal
tt28349451,The Shadow Strays,"Codename 13, a 17-year-old assassin, is suspended due to a sloppy mission in Japan. She meets 11-year-old Monji, who loses his mother, and sets out to rescue him.",2024,20242h 24m,6.5,11K,,codename year old assassin suspended due sloppy mission japan meets year old monji loses mother sets rescue
tt21154574,Year 10,"Following a catastrophic event that has destroyed civilization, a young man must confront a group of cannibals who have murdered his father and stolen the medicine keeping his girlfriend alive.",2024,20241h 36m,5.4,3.2K,,following catastrophic event destroyed civilization young man must confront group cannibals murdered father stolen medicine keeping girlfriend alive
tt15507512,The Piano Lesson,"Follows the lives of the Charles family as they deal with themes of family legacy and more, in deciding what to do with an heirloom, the family piano.",2024,20242h 7m,6.1,5.7K,,follows lives charles family deal themes family legacy deciding heirloom family piano
tt33318665,Blade of Fury,"Knife catcher Pei Xing originally exchanged his life for money as bounty hunter, but after witnessing the killing of people who stood up for justice, he gradually awakened and decided to fight back.",2024,20241h 30m,6.2,303,,knife catcher pei xing originally exchanged life money bounty hunter witnessing killing people stood justice gradually awakened decided fight back
tt5685276,Bull Street,"When an Ivy League lawyer challenges her family's claim to their longtime home, small-town attorney LouEster Sadie Gibbs must fight a courtroom battle that pits privilege against legacy.",2024,20241h 58m,8.2,50,,ivy league lawyer challenges family claim longtime home small town attorney louester sadie gibbs must fight courtroom battle pits privilege legacy
tt27987046,Uprising,"In the Joseon Dynasty, two friends who grew up together, one the master and one the servant, reunite post-war as enemies on opposing sides.",2024,20242h 6m,6.6,7.4K,,joseon dynasty two friends grew together one master one servant reunite post war enemies opposing sides
tt34490115,Hidden Face,"Seong-jin, a conductor, and Su-yeon, a cellist, are engaged. Su-yeon disappears, leaving a video. Mi-joo replaces Su-yeon and develops a secret relationship with Seong-jin. They feel watched as their bond deepens.",2024,20241h 55m,6.2,1.2K,,seong jin conductor yeon cellist engaged yeon disappears leaving video joo replaces yeon develops secret relationship seong jin feel watched bond deepens
tt27729779,The Platform 2,"A thrilling physical journey that allows an approach to the darkness, where it is scary to look. It appeals to the viewer's civil responsibility and forces them to face the limits of their own solidarity.",2024,20241h 39m,4.9,48K,,thrilling physical journey allows approach darkness scary look appeals viewer civil responsibility forces face limits solidarity
tt11540468,Breathe,"An East Flatbush mother and daughter, barely surviving in a world nearly devoid of oxygen, must band together to protect each other when intruders arrive claiming to know the mother's missing husband.",2024,20241h 33m,4.3,8.6K,,east flatbush mother daughter barely surviving world nearly devoid oxygen must band together protect intruders arrive claiming know mother missing husband
tt26658104,Imaginary,A woman returns to her childhood home to discover that the imaginary friend she left behind is very real and unhappy that she abandoned him.,2024,20241h 44m,4.8,20K,,woman returns childhood home discover imaginary friend left behind real unhappy abandoned
tt31499750,Lowlifes,The survival instincts of a road-tripping family are put to the test when they have no other choice but to stay the night at a remote homestead.,2024,20241h 30m,6.2,8K,,survival instincts road tripping family put test choice stay night remote homestead
tt29461220,Pani,"When the peaceful married life of a couple is unexpectedly disrupted by two youngsters with criminal inclination, the trials and tribulations connect the mobster lives of Thrissur by becoming a part of vengeance.",2024,20242h 23m,6.9,4.1K,,peaceful married life couple unexpectedly disrupted two youngsters criminal inclination trials tribulations connect mobster lives thrissur becoming part vengeance
tt31122323,Megamind vs. The Doom Syndicate,"Megamind's former villain team, The Doom Syndicate, has returned. Newly crowned hero Megamind's must now keep up evil appearances until he can assemble his friends to stop his former evil teammates from launching Metro City to the Moon.",2024,20241h 23m,2.4,6.5K,,megamind former villain team doom syndicate returned newly crowned hero megamind must keep evil appearances assemble friends stop former evil teammates launching metro city moon
tt27118357,Amaran,"The life of Major Mukund Varadarajan and is set against the backdrop of the Qazipathri Operation in Shopian, Kashmir, which took place back in 2014.",2024,20242h 47m,8.1,24K,,life major mukund varadarajan set backdrop qazipathri operation shopian kashmir took place back
tt33744610,Ghamasaan,"A cat-and-mouse tale set in the Hindi heartland, where male friendships and rivalries unveil homoerotic tensions. Men on both sides of the law traverse arid lands, creating a sense of place where unexplored histories reside.",2024,20242h 30m,7.9,39,,cat mouse tale set hindi heartland male friendships rivalries unveil homoerotic tensions men sides law traverse arid lands creating sense place unexplored histories reside
tt32086077,All We Imagine as Light,"In Mumbai, Nurse Prabha's routine is troubled when she receives an unexpected gift from her estranged husband. Her younger roommate, Anu, tries in vain to find a spot in the city to be intimate with her boyfriend.",2024,20241h 58m,7.0,14K,,mumbai nurse prabha routine troubled receives unexpected gift estranged husband younger roommate anu tries vain find spot city intimate boyfriend
tt32475217,Handsome Guys,"Self-proclaimed tough guys 'Jae-pil' and 'Sang-gu' move into their dream European-style house. When unwanted visitors arrive, awakening an evil spirit hitherto sealed in the basement, a dark aura begins to envelop the house.",2024,20241h 41m,6.5,2.1K,,self proclaimed tough guys jae pil sang move dream european style house unwanted visitors arrive awakening evil spirit hitherto sealed basement dark aura begins envelop house
tt24515124,Winter Spring Summer or Fall,"Remi and Barnes, two very different teenagers, meet by chance in the winter of their senior year, then spend four days together over the course of a year that will change their lives forever.",2024,20241h 37m,6.1,6.3K,,remi barnes two different teenagers meet chance winter senior year spend four days together course year change lives forever
tt8337290,Absolution,"An aging gangster attempts to reconnect with his children and rectify the mistakes in his past, but the criminal underworld won't loosen their grip willingly.",2024,20241h 52m,5.2,11K,,aging gangster attempts reconnect children rectify mistakes past criminal underworld won loosen grip willingly
tt22874848,The Silent Hour,A detective with hearing loss and a deaf witness to a murder must lean on each other to outsmart killers they can't hear coming when cornered in an abandoned apartment block.,2024,20241h 39m,6.1,11K,,detective hearing loss deaf witness murder must lean outsmart killers hear coming cornered abandoned apartment block
tt37535705,GTO Revival,"At Aito High School, teacher Onizuka faces issues with ""Sainokawara,"" an influencer exposing secrets. Students suspect a criminal impostor while Vice Principal Fujiyamada and teacher Ayahara handle matters differently.",2024,20241h 30m,6.0,59,,aito high school teacher onizuka faces issues sainokawara influencer exposing secrets students suspect criminal impostor vice principal fujiyamada teacher ayahara handle matters differently
tt5834874,Trigger Warning,"A special forces commando returns to her hometown after her father's sudden death, only to run afoul of a violent gang when she starts asking questions.",2024,20241h 46m,4.6,21K,,special forces commando returns hometown father sudden death run afoul violent gang starts asking questions
tt30889755,The Sabarmati Report,"A Hindi reporter struggles with a deadly fact when a train full of Karsewaks is set ablaze in Godhra. Years later, he is asked to help expose the Sabarmati Incident backed by a buried report.",2024,20242h 7m,6.4,26K,,hindi reporter struggles deadly fact train full karsewaks set ablaze godhra years later asked help expose sabarmati incident backed buried report
tt29634843,40 Acres,"In a post-apocalyptic world with food scarcity, a Black family of Canadian farmers descended from American Civil War migrants defend their homestead against cannibals trying to seize their resources.",2024,20241h 53m,6.4,7.4K,,post apocalyptic world food scarcity black family canadian farmers descended american civil war migrants defend homestead cannibals trying seize resources
tt27304026,Damaged,Chicago detective Dan Lawson travels to Scotland to link up with Scottish detective Glen Boyd following the resurgence of a serial killer whose crimes match an unsolved case he investigated 5 years previously.,2024,20241h 37m,4.7,9.5K,,chicago detective dan lawson travels scotland link scottish detective glen boyd following resurgence serial killer whose crimes match unsolved case investigated years previously
tt6874690,The Rule of Jenny Pen,"Confined to a secluded rest home and trapped within his stroke-ridden body, a former Judge must stop an elderly psychopath who employs a child's puppet to abuse the home's residents with deadly consequences.",2024,20241h 44m,6.1,11K,,confined secluded rest home trapped within stroke ridden body former judge must stop elderly psychopath employs child puppet abuse home residents deadly consequences
tt9682428,Night Swim,"A family moves into a new home, unaware that a dark secret from the house's past will unleash a malevolent force in the backyard pool.",2024,20241h 38m,4.7,33K,,family moves new home unaware dark secret house past unleash malevolent force backyard pool
tt29252358,Armor,A father and son working as security guards for an armored truck company encounter a team of would-be robbers while on a bridge. They become trapped and must come up with a plan to escape and ensure their survival.,2024,20241h 28m,3.6,5.8K,,father son working security guards armored truck company encounter team robbers bridge become trapped must come plan escape ensure survival
tt29899715,Lembayung,Pica and Arum were still doing practical field work (PFW) at that time. They underwent PFW at the dental clinic in a small hospital in Central Java.,2024,20242h 3m,5.6,940,,pica arum still practical field work pfw time underwent pfw dental clinic small hospital central java
tt32898215,Tezgah,"A writer, an actress, a musician, and a kitchen counter collide in a bloody night where art, deceit, and betrayal stain an old mother's rug. This tale of a ""loveless"" era that.",2024,20241h 40m,5.2,401,,writer actress musician kitchen counter collide bloody night art deceit betrayal stain old mother rug tale loveless era
tt7215232,Spellbound,"Ellian is a tenacious princess who must go on a daring quest to save her family and kingdom after a mysterious spell transforms her parents, the King and Queen of Lumbria, into monsters.",2024,20241h 49m,5.5,9.2K,,ellian tenacious princess must daring quest save family kingdom mysterious spell transforms parents king queen lumbria monsters
tt28800662,Parvulos,"Three young brothers living in a cabin in the middle of the woods hide a dark, disturbing secret in their basement.",2024,20241h 59m,6.1,814,,three young brothers living cabin middle woods hide dark disturbing secret basement
tt29195117,Justice League: Crisis on Infinite Earths - Part One,"The Anti-Monitor, the Monitor's evil counterpart, is released into the DC Multiverse and begins to destroy the different Earths that compose it. The Monitor attempts to recruit heroes from across the Multiverse to fight back.",2024,20241h 33m,6.2,10K,,anti monitor monitor evil counterpart released multiverse begins destroy different earths compose monitor attempts recruit heroes across multiverse fight back
tt1723808,Reagan,"A drama based on the life of Ronald Reagan, from his childhood to his time in the oval office.",2024,20242h 21m,6.2,13K,,drama based life ronald reagan childhood time oval office
tt21958136,The Wasp,"Follows Heather and Carla, who meet after having not spoken in years. Heather is about to present a very unexpected proposition that could change their lives forever.",2024,20241h 36m,6.1,6.3K,,follows heather carla meet spoken years heather present unexpected proposition change lives forever
tt12627606,Midas Man,"On Thursday 9 November 1961, a man named Brian descended the stairs to a cellar in Liverpool and changed the world forever.",2024,20241h 52m,6.4,2.3K,,thursday november man named brian descended stairs cellar liverpool changed world forever
tt13650742,Suncoast,"While caring for her brother along with her audacious mother, a teenager strikes up a friendship with an eccentric activist who is protesting one of the most landmark medical cases of all time.",2024,20241h 49m,6.7,8.5K,,caring brother along audacious mother teenager strikes friendship eccentric activist protesting one landmark medical cases time
tt9713418,The Last Front,"Amidst World War I's chaos, a grieving father turns hero, leading villagers to safety while evading a relentless enemy driven by vengeance.",2024,20241h 38m,5.4,1.1K,,amidst world war chaos grieving father turns hero leading villagers safety evading relentless enemy driven vengeance
tt32150360,Color Book,A devoted single father adjusts to life after his wife's passing while raising his son with Down Syndrome. They embark on a journey through Metro Atlanta to attend their first baseball game.,2024,20241h 55m,7.0,386,,devoted single father adjusts life wife passing raising son syndrome embark journey metro atlanta attend first baseball game
tt16253418,No Way Up,Characters from different backgrounds are thrown together when the plane they're travelling on crashes into the Pacific Ocean. A nightmare fight for survival ensues with the air supply running out and dangers creeping in from all sides.,2024,20241h 30m,4.6,13K,,characters different backgrounds thrown together plane travelling crashes pacific ocean nightmare fight survival ensues air supply running dangers creeping sides
tt15010692,The Damned,"A 19th-century widow has to make an impossible choice when, during an especially cruel winter, a foreign ship sinks off the coast of her Icelandic fishing village.",2024,20241h 29m,5.7,9.5K,,century widow make impossible choice especially cruel winter foreign ship sinks coast icelandic fishing village
tt32547207,Pig at the Crossing,"Dolom, a YouTuber, has an affair with married Deki. She's pregnant. After his accidental death, Dolom's soul enters limbo. Guided to confront his past choices, he must relinquish attachments to move on or remain trapped indefinitely.",2024,20242h 2m,6.6,132,,dolom youtuber affair married deki pregnant accidental death dolom soul enters limbo guided confront past choices must relinquish attachments move remain trapped indefinitely
tt33083649,Ghost Train,A YouTuber with the lowest number of views meets the station master of a mysterious subway station to find the source of a true horror story and encounters several strange stories.,2024,20241h 35m,5.3,1K,,youtuber lowest number views meets station master mysterious subway station find source true horror story encounters several strange stories
tt3954936,Monster Summer,"When a mysterious force begins to disrupt their big summer fun, a group of friends team up with a retired police detective to embark on an adventure to save their island.",2024,20241h 38m,5.7,7.9K,,mysterious force begins disrupt big summer fun group friends team retired police detective embark adventure save island
tt32627545,Watchmen: Chapter II,"In an alternate 1985 America, a group of retired superheroes investigate a conspiracy after one of their own is murdered.",2024,20241h 30m,7.1,4.8K,,alternate america group retired superheroes investigate conspiracy one murdered
tt21301418,Chief of Station,"After learning that the death of his wife was not an accident, a former CIA Station Chief is forced back into the espionage underworld, teaming up with an adversary to unravel a conspiracy that challenges everything he thought he knew.",2024,20241h 37m,4.7,5.7K,,learning death wife accident former cia station chief forced back espionage underworld teaming adversary unravel conspiracy challenges everything thought knew
tt15352542,Looney Tunes: The Day the Earth Blew Up,Porky Pig and Daffy Duck are Earth's only hope when facing the threat of alien invasion.,2024,20241h 31m,6.7,9.2K,,porky pig daffy duck earth hope facing threat alien invasion
tt22334258,Someone Like You,"After the tragic loss of his best friend, a grieving young architect launches a search for her secret twin sister.",2024,20241h 58m,5.9,3K,,tragic loss best friend grieving young architect launches search secret twin sister
tt27487934,The Greatest of All Time,"Gandhi is a hostage negotiator, field agent, and spy working for the Special Anti-Terrorist Squad (SATS). After years of service, he is called back for a critical mission that sets him on a dangerous collision course with his own past.",2024,20243h 3m,5.7,26K,,gandhi hostage negotiator field agent spy working special anti terrorist squad sats years service called back critical mission sets dangerous collision course past
tt27470893,Chandu Champion,A man who faced one adversary after another with an undying spirit. His unwavering zeal and never give up attitude led to India's first individual gold medal in any form of the Olympics.,2024,20242h 22m,7.8,37K,,man faced one adversary another undying spirit unwavering zeal never give attitude led india first individual gold medal form olympics
tt10284944,The Fix,"In a future with toxic air, a model takes a drug causing a transformation. She tries reversing it but learns her mutations could save humanity.",2024,20241h 38m,5.0,3.5K,,future toxic air model takes drug causing transformation tries reversing learns mutations save humanity
tt11891850,Hard Truths,Ongoing exploration of the contemporary world with a tragicomic study of human strengths and weaknesses.,2024,20241h 37m,7.1,9.4K,,ongoing exploration contemporary world tragicomic study human strengths weaknesses
tt2965408,Lost on a Mountain in Maine,"A 12-year-old boy, separated from his family by a fast-moving storm, must fight to stay alive during his nine-day adventure lost in the backwoods of Maine.",2024,20241h 38m,6.1,3K,,year old boy separated family fast moving storm must fight stay alive nine day adventure lost backwoods maine
tt28142896,Weekend in Taipei,"A former DEA agent and a former undercover operative revisit their romance during a fateful weekend in Taipei, unaware of the dangerous consequences of their past.",2024,20241h 40m,5.7,7.3K,,former dea agent former undercover operative revisit romance fateful weekend taipei unaware dangerous consequences past
tt30700695,Lilies Not for Me,"A gay novelist and his psychiatric nurse bond over a series of ""dates"" prescribed to ""cure"" his homosexuality. He tells her how his previous relationship degenerated when his partner tried a risky procedure to become heterosexual.",2024,20241h 39m,7.1,2K,,gay novelist psychiatric nurse bond series dates prescribed cure homosexuality tells previous relationship degenerated partner tried risky procedure become heterosexual
tt29141112,The Devil's Bath,"Austria in the 18th century. Forests surround villages. Killing a baby gets a woman sentenced to death. Agnes readies for married life with her beloved. But her mind and heart grow heavy. A gloomy path alone, evil thoughts arising.",2024,20242h 1m,6.6,8.4K,,austria century forests surround villages killing baby gets woman sentenced death agnes readies married life beloved mind heart grow heavy gloomy path alone evil thoughts arising
tt13020386,Four Letters of Love,"Based on Niall Williams' best-selling novel. Nicholas and Isabel were made for each other but how will they ever know it? As ghosts, fate and the sheer power of true love pull them together, so too does life threaten to tear them apart.",2024,20242h 5m,6.1,1.6K,,based niall williams best selling novel nicholas isabel made ever know ghosts fate sheer power true love pull together life threaten tear apart
tt30024043,The Prosecutor,"A poor young man is wrongly charged with drug trafficking after being deceived. An ex-prosecutor investigates the case, uncovers a corrupt lawyer team's scheme, and restores justice despite obstruction from evil forces.",2024,20241h 57m,6.5,4.9K,,poor young man wrongly charged drug trafficking deceived prosecutor investigates case uncovers corrupt lawyer team scheme restores justice despite obstruction evil forces
tt16301164,This Time Next Year,"Minnie and Quinn are born on the same day, one minute apart. Their lives may begin together, but their worlds couldn't be more different. Years later they find themselves together again. Maybe it's time to take a chance on love.",2024,20241h 56m,5.7,3.4K,,minnie quinn born day one minute apart lives may begin together worlds couldn different years later find together maybe time take chance love
tt28618488,Vermiglio,"1944, Vermiglio, a remote mountain village. The arrival of Pietro, a deserter, into the family of the local teacher, and his love for the teacher's eldest daughter, will change the course of everyone's life.",2024,20241h 59m,6.9,7.3K,,vermiglio remote mountain village arrival pietro deserter family local teacher love teacher eldest daughter change course everyone life
tt31747163,What Jennifer Did,"When Jennifer Pan calls 911 to report that her parents have been shot, she becomes the primary focus of a captivating criminal case.",2024,20241h 27m,6.1,13K,,jennifer pan calls report parents shot becomes primary focus captivating criminal case
tt2396431,Dear Santa,"When a young boy mails his Christmas wish list to Santa with one crucial spelling error, a devilish Jack Black arrives to wreak havoc on the holidays.",2024,20241h 47m,5.4,22K,,young boy mails christmas wish list santa one crucial spelling error devilish jack black arrives wreak havoc holidays
tt26545708,Aftermath,"A returning war veteran, stricken with PTSD, unwittingly gets trapped with his teenage sister on Boston's Tobin Memorial Bridge as a heavily weaponized group of ex-military revolutionists take everyone hostage.",2024,20241h 37m,5.2,5.4K,,returning war veteran stricken ptsd unwittingly gets trapped teenage sister boston tobin memorial bridge heavily weaponized group military revolutionists take everyone hostage
tt30516366,Chime,A school teacher is woken by a sound that fills him with dread.,2024,202445m,6.3,4K,,school teacher woken sound fills dread
tt23638614,Unsung Hero,A mother's faith stands against all odds and inspires her husband and children to hold onto theirs. Based on a remarkable true story.,2024,20241h 53m,7.0,6.1K,,mother faith stands odds inspires husband children hold onto based remarkable true story
tt15551346,The End,"In a luxurious bunker, a family maintains their pre-apocalyptic routines 25 years after Earth's ecological disaster made the surface uninhabitable.",2024,20242h 28m,5.3,3.4K,,luxurious bunker family maintains pre apocalyptic routines years earth ecological disaster made surface uninhabitable
tt1524515,5lbs of Pressure,"Trying to start over, Adam searches for redemption as he returns to his old neighborhood to put to rest his demons while the brother of the man he killed seeks revenge.",2024,20241h 51m,5.3,2.3K,,trying start adam searches redemption returns old neighborhood put rest demons brother man killed seeks revenge
tt32810496,Diamonds,A director calls all his favorite actresses to film a movie set in Rome in the 70s that tells the vicissitudes revolving around a prestigious tailoring.,2024,20242h 15m,6.7,2.8K,,director calls favorite actresses film movie set rome tells vicissitudes revolving around prestigious tailoring
tt21201300,Bagman,"When a sinister threat from his childhood returns to haunt him, a father desperately struggles against his deepest inner fear. Only this time, the fight isn't for himself; it's for his family.",2024,20241h 33m,4.7,8.3K,,sinister threat childhood returns haunt father desperately struggles deepest inner fear time fight isn family
tt23872640,Dirty Angels,It centers on a group of female soldiers who disguise themselves as medics to rescue a group of teenagers caught between ISIS and the forces of the Taliban.,2024,20241h 44m,4.6,7.1K,,centers group female soldiers disguise medics rescue group teenagers caught isis forces taliban
tt4058618,The Thicket,"When a bounty hunter and a band of unlikely heroes pursue a brutal killer, they find themselves in a deadly no-man's-land known as The Thicket.",2024,20241h 45m,5.9,6.1K,,bounty hunter band unlikely heroes pursue brutal killer find deadly man land known thicket
tt22022784,My Dead Friend Zoe,"Engaged in a mysterious relationship with her dead best friend from the Army, a female Afghanistan veteran comes head to head with her Vietnam vet grandfather at the family's ancestral lake house.",2024,20241h 43m,6.4,4.1K,,engaged mysterious relationship dead best friend army female afghanistan veteran comes head head vietnam vet grandfather family ancestral lake house
tt14351082,Cabrini,"After witnessing disease and poverty in the slums of New York, Italian immigrant Francesca Cabrini embarks on a daring journey to persuade the hostile mayor to provide housing and healthcare for hundreds of orphaned children.",2024,20242h 22m,7.3,10K,,witnessing disease poverty slums new york italian immigrant francesca cabrini embarks daring journey persuade hostile mayor provide housing healthcare hundreds orphaned children
tt26750774,The Wailing,A group of young people inadvertently resurrect a seemingly invisible evil.,2024,20241h 47m,6.0,3.3K,,group young people inadvertently resurrect seemingly invisible evil
tt32551664,Lost Chapters,"After years spent abroad, Ena returns to Caracas, where she finds her grandmother losing her memory and her father searching for rare Venezuelan books.",2024,20241h 8m,7.0,25,,years spent abroad ena returns caracas finds grandmother losing memory father searching rare venezuelan books
tt31021984,Dilig,"About to get married to an old, wealthy businessman, Resa enlists the help of gardener Otso to seduce her fiancé's daughter, Katelyn, and record his sexploits with her in order to get her disowned.",2024,202445m,4.0,336,,get married old wealthy businessman resa enlists help gardener otso seduce fianc daughter katelyn record sexploits order get disowned
tt23157384,Sew Torn,"A seamstress gets tangled in her own thread after stealing a briefcase from a drug deal gone bad. In an escalating game of cat and mouse, her different choices lead to drastically different outcomes along the way.",2024,20241h 40m,6.0,3.6K,,seamstress gets tangled thread stealing briefcase drug deal gone bad escalating game cat mouse different choices lead drastically different outcomes along way
tt11950888,Cellar Door,"Looking for a fresh start after a miscarriage, a couple find themselves being gifted the house of their dreams with one caveat - they can never open the cellar door. Whether they can live without knowing triggers shocking consequences.",2024,20241h 37m,5.2,7.4K,,looking fresh start miscarriage couple find gifted house dreams one caveat never open cellar door whether live without knowing triggers shocking consequences
tt18924008,The Trainer,"Follows Jack, a fitness expert living with his mother in Los Angeles, who takes a maniacal swing at fame and fortune pursuing his version of the American dream.",2024,20241h 35m,5.2,126,,follows jack fitness expert living mother los angeles takes maniacal swing fame fortune pursuing version american dream
tt31189897,Billy & Molly: An Otter Love Story,A man forms an unlikely friendship with a wild otter while living in the remote Shetland Islands,2024,20241h 17m,8.0,2.8K,,man forms unlikely friendship wild otter living remote shetland islands
tt27828550,Frewaka,"Follow a student of nursing palliative care, who is plagued by a trauma from her past that has a disorienting effect on her present, her relationship, her career and her ability to function.",2024,20241h 43m,6.1,3.4K,,follow student nursing palliative care plagued trauma past disorienting effect present relationship career ability function
tt28332337,Eephus,"Grown men's recreational baseball game stretches to extra innings on their beloved field's final day before demolition. Humor and nostalgia intertwine as daylight fades, signaling an era's end.",2024,20241h 39m,6.7,2.6K,,grown men recreational baseball game stretches extra innings beloved field final day demolition humor nostalgia intertwine daylight fades signaling era end
tt32828123,Cloud,"Yoshii, a young man who resells goods online, finds himself at the center of a series of mysterious events that put his life at risk.",2024,20242h 4m,6.4,5.1K,,yoshii young man resells goods online finds center series mysterious events put life risk
tt31520900,Out of the Nest,"In the Kingdom of Castilia, a dark force rises again. Days from the coronation of the new Emperor and Empress, their seven royal fledglings are taken and it's up to one hero to return them safely; a teenage delivery boy, Arthur the Goat. His dreams of becoming a world-class barber are put on hold when he becomes a parent overnight. If he's going to keep the rambunctious toddlers safe on their journey, he must first grow up, discover his own past, and along the way, awaken forgotten champions. Can Arthur return the heirs and ultimately save the kingdom?",2024,20241h 24m,6.4,233,,kingdom castilia dark force rises days coronation new emperor empress seven royal fledglings taken one hero return safely teenage delivery boy arthur goat dreams becoming world class barber put hold becomes parent overnight going keep rambunctious toddlers safe journey must first grow discover past along way awaken forgotten champions arthur return heirs ultimately save kingdom
tt14636214,Sweethearts,"Two college freshmen pull a ""Turkey Dump"" and break up with their high school sweethearts over ""Drunksgiving"" - the one chaotic night before Thanksgiving in their hometown that puts their codependent friendship to the test.",2024,20241h 38m,5.5,5K,,two college freshmen pull turkey dump break high school sweethearts drunksgiving one chaotic night thanksgiving hometown puts codependent friendship test
tt31112509,Jane Austen Wrecked My Life,"A desperately single bookseller, lost in a fantasy world, finds herself forced to fulfill her dreams of becoming a writer in order to stop messing up her love life.",2024,20241h 38m,6.2,3.4K,,desperately single bookseller lost fantasy world finds forced fulfill dreams becoming writer order stop messing love life
tt21276958,Babes,"Lifelong friends Eden and Dawn, one single and wanting a baby, the other already a mother, navigate challenges to their bond when Eden pursues pregnancy alone after a one-night stand.",2024,20241h 44m,6.3,7.5K,,lifelong friends eden dawn one single wanting baby already mother navigate challenges bond eden pursues pregnancy alone one night stand
tt9506480,Saturn,"When a mysterious planet appears in the sky, a young father must choose between the life he loves and an ancient call to save the world.",2024,20241h 40m,7.0,36,,mysterious planet appears sky young father must choose life loves ancient call save world
tt27540542,Lucky Baskhar,A cash-strapped cashier working at a bank embarks on a risky investment scheme and soon gets drawn into the murky world of money laundering.,2024,20242h 28m,8.0,43K,,cash strapped cashier working bank embarks risky investment scheme soon gets drawn murky world money laundering
tt28066777,Orion and the Dark,"A boy with an active imagination faces his fears on an unforgettable journey through the night with his new friend: a giant, smiling creature named Dark.",2024,20241h 33m,6.3,20K,,boy active imagination faces fears unforgettable journey night new friend giant smiling creature named dark
tt20236622,The Deb,An original comedy musical about two teenage girls attending a debutante ball in a small rural town.,2026,20262h 1m,5.0,227,,original comedy musical two teenage girls attending debutante ball small rural town
tt20112746,Sting,"After raising an unnervingly talented spider in secret, 12-year-old Charlotte must face the facts about her pet-and fight for her family's survival-when the once-charming creature rapidly transforms into a giant, flesh-eating monster.",2024,20241h 31m,5.7,20K,,raising unnervingly talented spider secret year old charlotte must face facts pet fight family survival charming creature rapidly transforms giant flesh eating monster
tt10740926,Rob Peace,"Based on a true story, a brilliant young man puts his bright future at risk to help his father.",2024,20242h,6.5,3.2K,,based true story brilliant young man puts bright future risk help father
tt2118648,Handling the Undead,"On a hot summer day in Oslo, the dead mysteriously awaken, and three families are thrown into chaos when their deceased loved ones come back to them.",2024,20241h 37m,5.3,5.4K,,hot summer day oslo dead mysteriously awaken three families thrown chaos deceased loved ones come back
tt29959142,Committee Kurrollu,"In a peaceful West Godavari village, the harmony of a close-knit friend group is disrupted when a disagreement leads to an unexpected fallout, impacting their lives and the tranquility of their community.",2024,20242h 36m,8.0,3.2K,,peaceful west godavari village harmony close knit friend group disrupted disagreement leads unexpected fallout impacting lives tranquility community
tt31945450,The Real Bros of Simi Valley: The Movie,"With the 10-year high school reunion around the corner, Xander and his squad embark on a journey to become the dopest versions of themselves in time to flex on all of their old classmates",2024,20241h 46m,7.0,1.2K,,year high school reunion around corner xander squad embark journey become dopest versions time flex old classmates
tt32916093,Mr. Crocket,A mother embarks on a perilous quest to rescue her son from a demonic children's show host who is kidnapping kids.,2024,20241h 28m,5.4,5.8K,,mother embarks perilous quest rescue son demonic children show host kidnapping kids
tt32880932,V/H/S/Beyond,"Six bloodcurdling tapes unleash horror in a sci-fi inspired hellscape, pushing the boundaries of fear and suspense.",2024,20241h 54m,5.8,12K,,six bloodcurdling tapes unleash horror sci inspired hellscape pushing boundaries fear suspense
tt1609486,Harold and the Purple Crayon,"Inside of his book, adventurous Harold can make anything come to life simply by drawing it. After he grows up and draws himself off the book's pages and into the physical world, Harold finds he has a lot to learn about real life.",2024,20241h 30m,5.7,11K,,inside book adventurous harold make anything come life simply drawing grows draws book pages physical world harold finds lot learn real life
tt28494829,Officer Black Belt,A talented martial artist who can't walk past a person in need unites with a probation officer to fight and prevent crime as a martial arts officer.,2024,20241h 48m,6.9,11K,,talented martial artist walk past person need unites probation officer fight prevent crime martial arts officer
tt31039829,18×2 Beyond Youthful Days,"Jimmy grows close to Ami, a Japanese backpacker, during one summer, then she leaves suddenly. Years later, a postcard draws him to Japan to face his first love and reflect on who he has become.",2024,20242h 3m,7.5,3.4K,,jimmy grows close ami japanese backpacker one summer leaves suddenly years later postcard draws japan face first love reflect become
tt20048582,Canary Black,It follows Avery Graves as she is blackmailed by terrorists into betraying her own country to save her kidnapped husband.,2024,20241h 41m,5.4,14K,,follows avery graves blackmailed terrorists betraying country save kidnapped husband
tt23988936,Saali Mohabbat,"A housewife gets entangled in a tale of infidelity, deceit, and murder.",2024,20241h 48m,7.0,4.4K,,housewife gets entangled tale infidelity deceit murder
tt7130698,Son's Will,"After the Last War, the truth lies in the eye of an ancient sword. Solitary drifter John traverses the dangerous wastelands, searching for his sister and the man who kidnapped her. The city waits.",2024,20242h 28m,7.1,1.4K,,last war truth lies eye ancient sword solitary drifter john traverses dangerous wastelands searching sister man kidnapped city waits
tt12573480,Hold Your Breath,"In 1930s Oklahoma amid the region's horrific dust storms, a woman is convinced that a sinister presence is threatening her family.",2024,20241h 34m,5.3,10K,,oklahoma amid region horrific dust storms woman convinced sinister presence threatening family
tt30150917,Justice League: Crisis on Infinite Earths - Part Three,"Trapped in a pocket universe, surviving Earths face annihilation by the Anti-Monitor. Time shatters, bringing past heroes to aid Justice League against the epitome of evil. Their sacrifice may lead to victory.",2024,20241h 38m,6.1,5.9K,,trapped pocket universe surviving earths face annihilation anti monitor time shatters bringing past heroes aid justice league epitome evil sacrifice may lead victory
tt19244260,Red Right Hand,"Cash is trying to live an honest and quiet life, but when Big Cat forces him back into her services, he proves capable of anything to protect the town and the only family he has left.",2024,20241h 51m,5.5,7K,,cash trying live honest quiet life big cat forces back services proves capable anything protect town family left
tt14186876,Bring Them Down,"An Irish shepherding family thrust into battle on several fronts: internal strife, hostility within the family, rivalry with another farmer. Paternalism, heritage, and the generational trauma cycle through the cultural prism of Ireland.",2024,20241h 46m,6.4,6.4K,,irish shepherding family thrust battle several fronts internal strife hostility within family rivalry another farmer paternalism heritage generational trauma cycle cultural prism ireland
tt21957774,Irish Wish,"When the love of Maddie's life gets engaged to her best friend, she puts her feelings aside to be a bridesmaid at their wedding in Ireland.",2024,20241h 33m,5.3,24K,,love maddie life gets engaged best friend puts feelings aside bridesmaid wedding ireland
tt29242846,The Children's Train,A seven-year-old boy named Amerigo who in 1946 leaves his impoverished family in Naples and gets on a train to go live with a wealthier family in the north as part of a postwar initiative to rescue children from poverty.,2024,20241h 46m,7.4,10K,,seven year old boy named amerigo leaves impoverished family naples gets train live wealthier family north part postwar initiative rescue children poverty
tt28129054,Take Cover,A burned-out professional sniper finds himself trapped in an all-glass penthouse by a lethal competitor and must find a way to survive and escape with little to no cover between him and the killer.,2024,20241h 30m,5.1,4K,,burned professional sniper finds trapped glass penthouse lethal competitor must find way survive escape little cover killer
tt33305290,Ghost Killer,"After being possessed by the ghost of vengeful hit man Kudo, college student Fumika Matsuoka agrees to help him finish his quest for vengeance from beyond the grave.",2024,20241h 45m,6.3,1.1K,,possessed ghost vengeful hit man kudo college student fumika matsuoka agrees help finish quest vengeance beyond grave
tt21221386,Secret Mall Apartment,"In 2003, eight Rhode Islanders created a secret apartment inside a busy mall and lived there for four years, filming everything along the way. Far more than a prank, the secret apartment became a deeply meaningful place for all involved.",2024,20241h 32m,7.0,3.4K,,eight rhode islanders created secret apartment inside busy mall lived four years filming everything along way far prank secret apartment became deeply meaningful place involved
tt14557146,Sunce nikad vise,"Vid, a father facing the looming threat of a multinational iron ore mine near his home, finds resilience and hope through his young son's imaginative perspective, as optimism, fairy tales, and mysticism transform their grim reality.",2024,20241h 12m,6.6,68,,vid father facing looming threat multinational iron ore mine near home finds resilience hope young son imaginative perspective optimism fairy tales mysticism transform grim reality
tt34058121,The Lost Children,"Four Indigenous children are stranded in the Colombian Amazon after their plane crashes. Guided by ancestral knowledge, they're able to survive while awaiting rescue amid the jungle's challenges.",2024,20241h 36m,7.0,3.8K,,four indigenous children stranded colombian amazon plane crashes guided ancestral knowledge able survive awaiting rescue amid jungle challenges
tt21905744,The Front Room,"It tells the story of a newly pregnant couple who are forced to take in an ailing, estranged stepmother.",2024,20241h 34m,4.6,7.2K,,tells story newly pregnant couple forced take ailing estranged stepmother
tt19811010,The Remarkable Life of Ibelin,"Mats Steen, a Norwegian gamer, died of a degenerative muscular disease at the age of 25. His parents mourned what they thought had been a lonely and isolated life, when they started receiving messages from online friends around the world.",2024,20241h 43m,8.1,15K,,mats steen norwegian gamer died degenerative muscular disease age parents mourned thought lonely isolated life started receiving messages online friends around world
tt31888816,Decoded,"In the 1940s, the world was turbulent, and it was crucial to decipher enemy's communication codes timely and accurately. Rong Jinzhen showed a unique talent. He was noticed by more because he accidentally solved the difficult problem.",2024,20242h 36m,5.7,580,,world turbulent crucial decipher enemy communication codes timely accurately rong jinzhen showed unique talent noticed accidentally solved difficult problem
tt29730305,Peacock,"Matthias masters impersonating roles for hire: cultured boyfriend, perfect son, sparring partner. Professionally adept at pretending daily, his true challenge lies in being himself.",2024,20241h 42m,7.0,2.6K,,matthias masters impersonating roles hire cultured boyfriend perfect son sparring partner professionally adept pretending daily true challenge lies
tt32526187,Bibi Rajni,"A true event-based thought, who always had faith in Waheguru (God). The Masterpiece, which is designed for people of all ages, is a complete family watch for those wanting to learn and know about Sikhism heritage. Plot by: Tejpal Pataria",2024,20242h 23m,8.5,841,,true event based thought always faith waheguru god masterpiece designed people ages complete family watch wanting learn know sikhism heritage plot tejpal pataria
tt27714840,Classified,A career CIA hitman who's been solely using the classified section of various newspapers to receive his orders suddenly discovers that his division's actually been shut down for years.,2024,20241h 45m,3.7,3.6K,,career cia hitman solely using classified section various newspapers receive orders suddenly discovers division actually shut years
tt19862722,Find Me Falling,"After a failed comeback album, rock star John Allman escapes to a dreamy Mediterranean island, only to discover that his new cliffside home has an unfortunate notoriety that attracts unwanted visitors and an old flame.",2024,20241h 33m,6.3,14K,,failed comeback album rock star john allman escapes dreamy mediterranean island discover new cliffside home unfortunate notoriety attracts unwanted visitors old flame
tt19381382,Cocorico,"The daughter of the Bouvier-Sauvage family of aristocrats is in love with the son of a Peugeot dealer. When the children announce their marriage, the aristocratic family does not agree.",2024,20241h 32m,5.9,4.3K,,daughter bouvier sauvage family aristocrats love son peugeot dealer children announce marriage aristocratic family agree
tt13657394,Night Shift,"A young nurse with a past of family violence starts working the night shift at a small hospital, where during the night a ghost nurse materializes.",2024,20241h 47m,5.1,1.2K,,young nurse past family violence starts working night shift small hospital night ghost nurse materializes
tt12930350,My Spy: The Eternal City,"JJ, a veteran CIA agent, reunites with his protégé Sophie, in order to prevent a catastrophic nuclear scheme threatening Vatican City, which disrupts a high school choir trip to Italy.",2024,20241h 52m,5.7,13K,,veteran cia agent reunites prot sophie order prevent catastrophic nuclear scheme threatening vatican city disrupts high school choir trip italy
tt21375602,Love Me,A post-apocalyptic romance in which a buoy and a satellite meet online and fall in love after the end of human civilization.,2024,20241h 31m,5.1,4.1K,,post apocalyptic romance buoy satellite meet online fall love end human civilization
tt20256448,Force of Nature: The Dry 2,Five women participate in a hiking retreat but only four come out the other side. Federal agents Aaron Falk and Carmen Cooper head into the mountains hoping to find their informant still alive.,2024,20242h,5.9,10K,,five women participate hiking retreat four come side federal agents aaron falk carmen cooper head mountains hoping find informant still alive
tt27510174,Stree 2,"After the events of Stree, the town of Chanderi is being haunted again. This time, women are mysteriously abducted by a terrifying headless entity. Once again, it's up to Vicky and his friends to save their town and loved ones.",2024,20242h 27m,6.9,47K,,events stree town chanderi haunted time women mysteriously abducted terrifying headless entity vicky friends save town loved ones
tt21383812,Crew,Follows three hard-working women as their destinies lead to some unwarranted situations and they end up caught in a web of lies.,2024,20241h 58m,5.8,40K,,follows three hard working women destinies lead unwarranted situations end caught web lies
tt26233598,Raayan,"A series of unfortunate events lead Raayan, a simple man to be dragged into the dreaded world of crime and manipulation.",2024,20242h 25m,6.5,14K,,series unfortunate events lead raayan simple man dragged dreaded world crime manipulation
tt26442053,Old Guy,"Follows a contract killer facing the end of his career who is thrilled when The Company pulls him back into the field training Gen Z newcomer Wihlborg, a prodigy assassin with an attitude.",2024,20241h 34m,5.3,6.5K,,follows contract killer facing end career thrilled company pulls back field training gen newcomer wihlborg prodigy assassin attitude
tt2347285,The Best Christmas Pageant Ever,Nobody is ready for the mayhem and surprises that ensue when six of the worst youngsters disrupt the town's yearly Christmas performance.,2024,20241h 39m,6.8,8.6K,,nobody ready mayhem surprises ensue six worst youngsters disrupt town yearly christmas performance
tt34328066,Love Across Time,A real estate inspector working in England at an old Georgian manor accidentally opens a portal to its 18th-century past and its dashing then-owner.,2024,20241h 36m,6.9,1.4K,,real estate inspector working england old georgian manor accidentally opens portal century past dashing owner
tt9569096,Sharp Corner,A dedicated family man becomes obsessed with saving the lives of the car accident victims on the sharp corner in front of his house - an obsession that could cost him everything.,2024,20241h 50m,5.9,5K,,dedicated family man becomes obsessed saving lives car accident victims sharp corner front house obsession cost everything
tt5525650,The Goat Life,"An Indian man seeking work follows a job lead to Saudi Arabia, only to find himself forced to labor without pay as a goat herder in the remote desert.",2024,20242h 53m,7.1,50K,,indian man seeking work follows job lead saudi arabia find forced labor without pay goat herder remote desert
tt30319516,Good One,"During a weekend backpacking trip in the Catskills, 17-year-old Sam navigates the clash of egos between her father and his oldest friend.",2024,20241h 29m,6.7,4.2K,,weekend backpacking trip catskills year old sam navigates clash egos father oldest friend
tt20254992,The Beldham,"A struggling new mother fights a generations-old presence lurking within her family home, threatening her safety, her sanity, and the life of her infant child.",2024,20241h 25m,5.1,1.5K,,struggling new mother fights generations old presence lurking within family home threatening safety sanity life infant child
tt20202324,Magpie,A couple find their lives turned upside-down when their daughter is cast alongside a controversial major star.,2024,20241h 30m,6.3,5.1K,,couple find lives turned upside daughter cast alongside controversial major star
tt23709962,Patna Shukla,"Tanvi Shukla, a lawyer in Patna's lower court, who is living her childhood dream of becoming a lawyer.",2024,20242h 5m,5.6,1.5K,,tanvi shukla lawyer patna lower court living childhood dream becoming lawyer
tt30319854,Sugarcane,An investigation into abuse and missing children at an Indian residential school sparks a reckoning on the nearby Sugarcane Reserve.,2024,20241h 47m,7.0,4K,,investigation abuse missing children indian residential school sparks reckoning nearby sugarcane reserve
tt28105944,Through My Window: Looking at You,"After the events of the summer, Ares and Raquel can't find a way to carry on their relationship and decide to go their separate ways. When they see each other again in winter, the love and attraction they feel for each other is undeniable.",2024,20241h 45m,5.5,7.2K,,events summer ares raquel find way carry relationship decide separate ways see winter love attraction feel undeniable
tt28131427,Black Dog,"Released from jail, Lang returns to his hometown in Northwest China. As part of a dog patrol tasked with clearing stray dogs before the 2008 Olympics, he bonds with a black stray. The two lonely souls embark on a new journey together.",2024,20241h 50m,7.1,5.9K,,released jail lang returns hometown northwest china part dog patrol tasked clearing stray dogs olympics bonds black stray two lonely souls embark new journey together
tt30841606,Rumours,"The leaders of seven wealthy democracies get lost in the woods while drafting a statement on a global crisis, facing danger as they attempt to find their way out.",2024,20241h 44m,4.8,6.4K,,leaders seven wealthy democracies get lost woods drafting statement global crisis facing danger attempt find way
tt27811040,The Roundup: Punishment,"Detective Ma Seok-do joins the Cyber Investigation Team to nab Baek Chang-ki, a former mercenary and the head of an online gambling organization.",2024,20241h 49m,6.6,7.1K,,detective seok joins cyber investigation team nab baek chang former mercenary head online gambling organization
tt26546123,Beautiful Wedding,"After a crazy night in Las Vegas, Abby and Travis discover that they're married, and they head to Mexico for a honeymoon with friends and family.",2024,20241h 40m,4.1,5.4K,,crazy night las vegas abby travis discover married head mexico honeymoon friends family
tt23273676,The Point Pleasant Tapes,"In 1987, three friends vanish on a road trip to West Virginia. Thirty-four years later, footage of their final moments leaks onto YouTube, forcing viewers to question the existence of an ancient evil within the Appalachian woods.",2024,,7.4,12,,three friends vanish road trip west virginia thirty four years later footage final moments leaks onto youtube forcing viewers question existence ancient evil within appalachian woods
tt32083311,On Becoming a Guinea Fowl,"On an empty road in the middle of the night, Shula stumbles across the body of her uncle. As funeral proceedings begin around them, she and her cousins bring to light the buried secrets of their middle-class Zambian family.",2024,20241h 39m,7.0,2.8K,,empty road middle night shula stumbles across body uncle funeral proceedings begin around cousins bring light buried secrets middle class zambian family
tt32236501,Macbeth,"Macbeth encounters witches who foretell his kingship. Lady Macbeth hatches a plot to seize the throne. Guilt and paranoia consume them as rebellion and Lady Macbeth's spiral lead to their downfall, prophecies' sinister unraveling.",2024,20242h 36m,7.8,216,,macbeth encounters witches foretell kingship lady macbeth hatches plot seize throne guilt paranoia consume rebellion lady macbeth spiral lead downfall prophecies sinister unraveling
tt14855468,That Christmas,"It's an unforgettable Christmas for the townsfolk of Wellington-on-Sea when the worst snowstorm in history alters everyone's plans, including Santa's.",2024,20241h 31m,6.8,21K,,unforgettable christmas townsfolk wellington sea worst snowstorm history alters everyone plans including santa
tt26474783,Dead Mail,"An ominous help note finds its way to a 1980s post office, connecting a dead letter investigator to a kidnapped keyboard technician.",2024,20241h 46m,6.0,3.6K,,ominous help note finds way post office connecting dead letter investigator kidnapped keyboard technician
tt9024562,Saint Clare,"In a small town a solitary woman is haunted by voices that lead her to assassinate ill intended people and get away with it, until her last kill sucks her down a rabbit hole riddled with corruption, trafficking and visions from the beyond.",2024,20241h 32m,4.6,1.4K,,small town solitary woman haunted voices lead assassinate ill intended people get away last kill sucks rabbit hole riddled corruption trafficking visions beyond
tt16368898,Lights Out,"A drifting ex-soldier turns underground fighter with the help of a just released ex-con, pitting them both against a crime boss, corrupt cops and hired killers.",2024,20241h 30m,4.9,2.1K,,drifting soldier turns underground fighter help released con pitting crime boss corrupt cops hired killers
tt16280912,Humane,"In the wake of an environmental collapse that is forcing humanity to shed 20% of its population, a family dinner erupts into chaos when a father's plan to enlist in the government's new euthanasia program goes horribly awry.",2024,20241h 33m,5.5,9.6K,,wake environmental collapse forcing humanity shed population family dinner erupts chaos father plan enlist government new euthanasia program goes horribly awry
tt27562986,Sunlight,"A hilariously dark and unconventional love story, following two people on the edge of life who find purpose and romance through an unlikely connection, escaping the darkness in search of some sunlight.",2024,20241h 36m,6.8,862,,hilariously dark unconventional love story following two people edge life find purpose romance unlikely connection escaping darkness search sunlight
tt8950154,Joe Baby,"A money collector for a private investigator is hired to track down 10 million dollars stolen in a dodgy real estate deal, opening a complex can of worms.",2024,20241h 26m,5.6,1.9K,,money collector private investigator hired track million dollars stolen dodgy real estate deal opening complex worms
tt11821912,Devara Part 1,"A mighty sea warrior takes a violent stand against the criminal deeds of his village. Years later, his mild-mannered son walks a path of his own.",2024,20242h 56m,6.0,24K,,mighty sea warrior takes violent stand criminal deeds village years later mild mannered son walks path
tt30012657,Apocalypse in the Tropics,An exploration of the profound impact of evangelism on Brazil's political landscape.,2024,20241h 50m,7.5,3K,,exploration profound impact evangelism brazil political landscape
tt21830836,House of Spoils,"It tells the story of a chef who opens her first restaurant where she battles kitchen chaos, a dubious investor and self doubt, but the pressure heats up thanks to the spirit of the estate's previous owner who threatens to sabotage her.",2024,20241h 41m,5.1,4.6K,,tells story chef opens first restaurant battles kitchen chaos dubious investor self doubt pressure heats thanks spirit estate previous owner threatens sabotage
tt15451150,You Can't Run Forever,A teenage girl suffering from anxiety due to a tragic event from her past finds herself hunted through the woods by a sociopath on a murderous rampage.,2024,20241h 42m,4.5,5K,,teenage girl suffering anxiety due tragic event past finds hunted woods sociopath murderous rampage
tt21279806,Scoop,"An insider account of how BBC Newsnight obtained the bombshell interview with Prince Andrew about his friendship with convicted sex offender, Jeffrey Epstein.",2024,20241h 42m,6.5,22K,,insider account bbc newsnight obtained bombshell interview prince andrew friendship convicted sex offender jeffrey epstein
tt30321095,Ghostlight,"When a construction worker unexpectedly joins a local theater's production of Romeo and Juliet, the drama onstage starts to mirror his own life.",2024,20241h 55m,7.5,8.4K,,construction worker unexpectedly joins local theater production romeo juliet drama onstage starts mirror life
tt29994753,"Oh, Canada","Leonard Fife, one of sixty thousand draft evaders and deserters who fled to Canada to avoid serving in Vietnam, shares all his secrets to de-mythologize his mythologized life.",2024,20241h 31m,5.6,3.1K,,leonard fife one sixty thousand draft evaders deserters fled canada avoid serving vietnam shares secrets mythologize mythologized life
tt14828040,Spermageddon,"Two narrative threads - one is an emerging love story between two awkward teens, John and Lisa, who are having sex for the first time and the other is an eventful quest of Simon the Semen and his friends to reach the golden goal, the Egg.",2024,20241h 20m,5.4,4.1K,,two narrative threads one emerging love story two awkward teens john lisa sex first time eventful quest simon semen friends reach golden goal egg
tt14077516,Shirley,Shirley Chisholm makes a trailblazing run for the 1972 Democratic presidential nomination after becoming the first Black woman elected to Congress.,2024,20241h 57m,6.2,3.7K,,shirley chisholm makes trailblazing run democratic presidential nomination becoming first black woman elected congress
tt32085997,Misericordia,"Returning to Saint-Martial for his late boss's funeral, Jérémie's stay with widow Martine becomes entangled in a disappearance, a threatening neighbor, and an abbot's shady intentions.",2024,20241h 44m,6.7,5K,,returning saint martial late boss funeral mie stay widow martine becomes entangled disappearance threatening neighbor abbot shady intentions
tt7892066,Ayalaan,"A lost alien seeks help to go back to his home, but everything gets harder after the alien returns to its home.",2024,20242h 35m,5.9,4.5K,,lost alien seeks help back home everything gets harder alien returns home
tt29666891,Romance on the Ranch,"Sara sells her place and buys a camper to find happiness. Her truck breaks down, and she meets two brothers, Porter and Aiden, who smitten with her and soon she begins to have feelings for them both.",2024,20241h 28m,6.8,729,,sara sells place buys camper find happiness truck breaks meets two brothers porter aiden smitten soon begins feelings
tt30227076,Black Box Diaries,"Journalist Shiori Ito investigates her own sexual assault, seeking to prosecute the high-profile offender. Her quest becomes a landmark case, exposing Japan's outdated judicial and societal systems.",2024,20241h 42m,7.5,4.6K,,journalist shiori ito investigates sexual assault seeking prosecute high profile offender quest becomes landmark case exposing japan outdated judicial societal systems
tt31834725,"My Wife, My Abuser: The Secret Footage","Exposes the disturbing story of Richard Spencer's harrowing experience as he endured two decades of abuse at the hands of his wife, Sheree Spencer.",2024,202455m,7.1,1.1K,,exposes disturbing story richard spencer harrowing experience endured two decades abuse hands wife sheree spencer
tt23639696,Drive Back,A couple returning from their engagement party must escape a sinister and seemingly endless road.,2024,20241h 34m,4.6,1.4K,,couple returning engagement party must escape sinister seemingly endless road
tt29470244,Vaazha: Biopic of a Billion Boys,"Four friends deemed 'losers' face immense pressure from parents and society upon entering adulthood. Their emotional tale sees them embark on a journey of self-discovery and acceptance, where love ultimately triumphs over judgment.",2024,20242h 5m,7.3,7.5K,,four friends deemed losers face immense pressure parents society upon entering adulthood emotional tale sees embark journey self discovery acceptance love ultimately triumphs judgment
tt11976134,Singham Again,"Bajirao Singham and a team of super cops must rescue his wife, Avni, who is producing a stage play based on the Ramayana, from a villainous kidnapper.",2024,20242h 24m,4.3,76K,,bajirao singham team super cops must rescue wife avni producing stage play based ramayana villainous kidnapper
tt26270862,Sex,Follows two colleagues who in different ways struggle with the same issues about their sexuality.,2024,20242h,6.6,2.8K,,follows two colleagues different ways struggle issues sexuality
tt34278653,She Taught Me Serendipity,"Meticulously captures the beauty of fleeting moments in everyday life. Her masterpiece explores new horizons, inviting viewers to appreciate life's preciousness.",2024,20242h 7m,6.7,214,,meticulously captures beauty fleeting moments everyday life masterpiece explores new horizons inviting viewers appreciate life preciousness
tt27419292,Killer Heat,"Follows twin brothers who find themselves in a dangerous love triangle on an isolated Greek island. The investigation is given to ""The Jealousy Man,"" a wounded detective.",2024,20241h 35m,5.6,16K,,follows twin brothers find dangerous love triangle isolated greek island investigation given jealousy man wounded detective
tt32176689,My Hero Academia: You're Next,"Deku, Bakugo, Todoroki and the rest of U.A. High Class 1-A must face off against Dark Might and the obscure crime organisation under his control, the Gollini Family.",2024,20241h 50m,7.0,4.2K,,deku bakugo todoroki rest high class must face dark might obscure crime organisation control gollini family
tt19759618,Golden Kamuy,"On the Hokkaido frontier, a war veteran and Ainu girl race against misfits and military renegades to find treasure mapped out on tattooed outlaws.",2024,20242h 7m,6.4,3.1K,,hokkaido frontier war veteran ainu girl race misfits military renegades find treasure mapped tattooed outlaws
tt12444168,Don't Tell Mom the Babysitter's Dead,Tanya's summer plans are canceled when her mom jets off for a last-minute retreat and the elderly babysitter who arrives at her door unexpectedly passes away.,2024,20241h 39m,4.2,1.9K,,tanya summer plans canceled mom jets last minute retreat elderly babysitter arrives door unexpectedly passes away
tt27417166,Crossing,"Lia, a retired teacher, has promised to find her long-lost niece, Tekla. Her search takes her to Istanbul where she meets Evrim, a lawyer fighting for trans rights, and Tekla starts to feel closer than ever.",2024,20241h 46m,7.4,6.9K,,lia retired teacher promised find long lost niece tekla search takes istanbul meets evrim lawyer fighting trans rights tekla starts feel closer ever
tt30429449,Case of Kondana,"In the outskirts of Bangalore, a fiery ASI clashes with a gangster in a fictional outpost. His love life faces hurdles while ACP Lakshmi hunts a criminal and Raju tries to save his ill son.",2024,20242h 23m,5.8,837,,outskirts bangalore fiery asi clashes gangster fictional outpost love life faces hurdles acp lakshmi hunts criminal raju tries save ill son
tt26926267,Mother of the Bride,Lana's daughter Emma returns from London and announces that she's getting married next month. Things become more complicated when Lana learns that the man who stole Emma's heart is the son of the man who broke hers years ago.,2024,20241h 28m,4.9,18K,,lana daughter emma returns london announces getting married next month things become complicated lana learns man stole emma heart son man broke years ago
tt14833464,Players,"A sports writer unused to relationships falls for a fling, leading her to reconsider playing the field in favor of commitment.",2024,20241h 45m,5.7,13K,,sports writer unused relationships falls fling leading reconsider playing field favor commitment
tt32439604,I Am What I Am 2,"A Juan, an unknown person who came to Shanghai to work, agreed to participate in the ""Shanghai Fight Night"" martial arts competition on behalf of the declining Chuanwu Boxing Gym in order to make money to treat his father's illness.",2024,20242h 14m,7.6,897,,juan unknown person came shanghai work agreed participate shanghai fight night martial arts competition behalf declining chuanwu boxing gym order make money treat father illness
tt5853716,Lilly,About a courageous factory worker who fights for justice when cheated and mistreated by her company. Based on the life of Lilly Ledbetter.,2024,20241h 33m,7.0,896,,courageous factory worker fights justice cheated mistreated company based life lilly ledbetter
tt27791972,Outbreak,"A Psychological Thriller about a state park ranger husband and his wife struggling to come to terms with their missing teenage son while dealing with a local mystery that questions their relationship and in the end, their grip on reality.",2024,20241h 28m,5.0,4.2K,,psychological thriller state park ranger husband wife struggling come terms missing teenage son dealing local mystery questions relationship end grip reality
tt22863968,Something in the Water,A group of five friends must fight for their lives in open water after a dream wedding turns into a nightmare.,2024,20241h 26m,4.1,6.2K,,group five friends must fight lives open water dream wedding turns nightmare
tt28452681,Blood Star,A petty thief driving through the New Mexico desert finds herself the target of a psychopathic small town sheriff who views his badge as a license to prey on vulnerable young women. She must use all of her street-smarts to survive.,2024,20241h 37m,6.0,7.2K,,petty thief driving new mexico desert finds target psychopathic small town sheriff views badge license prey vulnerable young women must use street smarts survive
tt26629652,Loveable,"Maria juggles with four children and a demanding career while her second husband, Sigmund, travels all the time. One day they get into an ugly argument which leads Sigmund to eventually ask her for a divorce.",2024,20241h 41m,7.5,5.1K,,maria juggles four children demanding career second husband sigmund travels time one day get ugly argument leads sigmund eventually ask divorce
tt17677434,Rich Flu,"As Laura's career peaks, a deadly virus targets the rich. As panic erupts and society turns on the 1%, she must fight to protect her family in a world where wealth becomes a death sentence.",2024,20241h 46m,4.9,8.1K,,laura career peaks deadly virus targets rich panic erupts society turns must fight protect family world wealth becomes death sentence
tt20201212,Alienoid: The Return to the Future,"Pursuit of a divine sword drives Taoist time travelers, aliens, and bounty hunters across eras. Lee Ahn races to rescue trapped allies while an alien Controller unleashes Haava, leaving present day Earth in ruin.",2024,20242h 2m,6.5,3.4K,,pursuit divine sword drives taoist time travelers aliens bounty hunters across eras lee ahn races rescue trapped allies alien controller unleashes haava leaving present day earth ruin
tt12276028,Krazy House,"Set in the 1990s, Krazy House follows religious homemaker Bernie and his sitcom family. When Russian workers in Bernie's house turn out to be wanted criminals, Bernie has to man up and save his imprisoned family, while slowly going crazy.",2024,20241h 29m,4.8,1.8K,,set krazy house follows religious homemaker bernie sitcom family russian workers bernie house turn wanted criminals bernie man save imprisoned family slowly going crazy
tt15685360,You Gotta Believe,"A Little League baseball team of misfits dedicates their season to a player's dying father. In doing so, they accomplish the impossible by reaching the World Series finals in a game that became an ESPN instant classic.",2024,20241h 44m,5.9,2K,,little league baseball team misfits dedicates season player dying father accomplish impossible reaching world series finals game became espn instant classic
tt14048164,The Visitors,An entrepreneur is attempting to reconnect with his daughter on her Birthday. The party is interrupted and they are taken hostage by two masked female robbers who appear to have real problems with the Patriarchy.,2024,20241h 24m,3.8,756,,entrepreneur attempting reconnect daughter birthday party interrupted taken hostage two masked female robbers appear real problems patriarchy
tt24131288,Cash Out,"Professional thief Mason attempts his biggest heist with his brother, robbing a bank. When it goes wrong, they're trapped inside surrounded by law enforcement. Tension rises as Mason negotiates with his ex-lover, the lead negotiator.",2024,20241h 32m,4.8,4K,,professional thief mason attempts biggest heist brother robbing bank goes wrong trapped inside surrounded law enforcement tension rises mason negotiates lover lead negotiator
tt31514476,Spirit in the Blood,"After a young girl is found dead in a secluded religious mountain community, a pack of teenage girls decide to fight against the evil spirits they believe killed her by embracing their own dark nature.",2024,20241h 38m,4.6,701,,young girl found dead secluded religious mountain community pack teenage girls decide fight evil spirits believe killed embracing dark nature
tt31022050,Our Little Secret,Two resentful exes must awkwardly spend Christmas together after they learn that their new partners are siblings.,2024,20241h 41m,5.7,27K,,two resentful exes must awkwardly spend christmas together learn new partners siblings
tt7132924,Bang Bang,"Follows 'Bang Bang' Rozyski, an eccentric retired pugilist obsessed with rectifying the sins of his past.",2024,20241h 43m,6.2,761,,follows bang bang rozyski eccentric retired pugilist obsessed rectifying sins past
tt30810787,Dreams,"Johanne documents her intense crush on her french teacher. Her mother, grandmother end up reading these intimate writings. They're both horrified by the contents but taken by the powerful writing and story. Johanne navigates romantic ideals vs reality, exploring emotions of self-discovery, love, sexuality.",2024,20241h 50m,7.2,3.8K,,johanne documents intense crush french teacher mother grandmother end reading intimate writings horrified contents taken powerful writing story johanne navigates romantic ideals reality exploring emotions self discovery love sexuality
tt32119268,Baby,"After his release from a juvenile center, Wellington finds himself homeless in São Paulo. At a porn theater, he meets Ronaldo, who mentors him in street survival. Their bond evolves into a turbulent affair.",2024,20241h 47m,7.1,1.4K,,release juvenile center wellington finds homeless paulo porn theater meets ronaldo mentors street survival bond evolves turbulent affair
tt28523838,Exhibiting Forgiveness,"A Black artist on the path to success is derailed by an unexpected visit from his estranged father, a recovering addict desperate to reconcile. Together, they struggle and learn that forgetting might be a greater challenge than forgiving.",2024,20241h 57m,6.9,1.8K,,black artist path success derailed unexpected visit estranged father recovering addict desperate reconcile together struggle learn forgetting might greater challenge forgiving
tt33674620,Tabaah,Revolves around the love and turmoil between our two protagonists. The journey of these characters is marked by such unfortunate twists and events that make it a tragic love story.,2024,20241h 48m,5.3,661,,revolves around love turmoil two protagonists journey characters marked unfortunate twists events make tragic love story
tt32094375,Die Hart: Die Harter,"Hart plans an innovative action film with unscripted, unexpected scenes to cement his legacy as the greatest. However, a blind spot leads him to fall victim to a vengeful plot from his past.",2024,20241h 32m,4.3,6.1K,,hart plans innovative action film unscripted unexpected scenes cement legacy greatest however blind spot leads fall victim vengeful plot past
tt27936770,Bhakshak,Revolves around the journey of an unwavering woman's quest to seek justice and her perseverance in getting a heinous crime to light.,2024,20242h 14m,7.2,7.7K,,revolves around journey unwavering woman quest seek justice perseverance getting heinous crime light
tt17079606,Dead Talents Society,Follows ghosts who want to become the spookiest of urban legends and most successful and famous stars in the underworld through their scare tactics and performances amongst the living.,2024,20241h 51m,6.9,4.1K,,follows ghosts want become spookiest urban legends successful famous stars underworld scare tactics performances amongst living
tt10993078,Boneyard,Inspired by the true events of a serial killer that may still be out there today.,2024,20241h 36m,4.2,6.4K,,inspired true events serial killer may still today
tt22528200,F*** Marry Kill,"As a serial killer targets women on dating apps, a true-crime junkie must figure out which of her three dates is a f-boy, marriage material, or is trying to kill her.",2024,20241h 37m,5.4,6K,,serial killer targets women dating apps true crime junkie must figure three dates boy marriage material trying kill
tt26742994,Sunrise,"A man, Fallon (Alex Pettyfer) roams the land as a creature of the night as he comes to terms with tragic loss of his family at the hands of a brutal demagogue, Reynolds (Guy Pearce).",2024,20241h 33m,3.9,1.6K,,man fallon alex pettyfer roams land creature night comes terms tragic loss family hands brutal demagogue reynolds guy pearce
tt30317033,Sebastian,"Max, a 25-year-old aspiring writer living in London, begins a double life as a sex worker in order to research his debut novel.",2024,20241h 50m,6.8,2.9K,,max year old aspiring writer living london begins double life sex worker order research debut novel
tt28288786,Premalu,"Sachin's quest for love takes unexpected turns, creating a laughter-filled love triangle.",2024,20242h 36m,7.8,24K,,sachin quest love takes unexpected turns creating laughter filled love triangle
tt26928684,Summer Camp,"Follows Nora, Ginny, and Mary, three childhood best friends who used to spend every summer at a sleep-away camp together. After years, when the opportunity to get back together for a summer camp reunion presents itself, they all seize it.",2024,20241h 35m,4.7,2.4K,,follows nora ginny mary three childhood best friends used spend every summer sleep away camp together years opportunity get back together summer camp reunion presents seize
tt23732034,The Uninvited,"A stranger crashes a party, sparking a comedy of errors, and a reordering of life.",2024,20241h 37m,5.2,1.2K,,stranger crashes party sparking comedy errors reordering life
tt31898445,Escape,Follows the struggles of a North Korean sergeant who is chased by a ruthless major after he defects.,2024,20241h 34m,6.4,3K,,follows struggles north korean sergeant chased ruthless major defects
tt9619902,Waltzing with Brando,"Marlon Brando pulls idealistic Los Angeles architect Bernard Judge from his ordinary life and persuades him to design the world's first ecologically perfect retreat on a tiny, inhospitable Tahitian island.",2024,20241h 44m,5.9,1.2K,,marlon brando pulls idealistic los angeles architect bernard judge ordinary life persuades design world first ecologically perfect retreat tiny inhospitable tahitian island
tt30750109,The Corpse Washer,"Lela, a mortician, grapples with uncovering the truth behind her mother's mysterious deaths while haunted by spirits and burdened by the weight of untold secrets.",2024,20241h 47m,6.1,1.7K,,lela mortician grapples uncovering truth behind mother mysterious deaths haunted spirits burdened weight untold secrets
tt31262680,Eks,Three compelling stories in one erotic experience. Yen Durano plays three different women in three titillating stories.,2024,20242h 1m,4.2,274,,three compelling stories one erotic experience yen durano plays three different women three titillating stories
tt33022813,Love in the Big City,"Misunderstood as more than friends, roommates Jae-hee and Heung-soo navigate the complexities of modern romance in Seoul's big city.",2024,20241h 58m,7.3,2.6K,,misunderstood friends roommates jae hee heung soo navigate complexities modern romance seoul big city
tt31989784,Simarik,"This is the story of Mete, the spoiled son of a wealthy businessman whose father makes him believe he has reincarnated as a servant in a 16th-century Ottoman city.",2024,20241h 51m,5.2,6K,,story mete spoiled son wealthy businessman whose father makes believe reincarnated servant century ottoman city
tt32197722,Amityville Backrooms,"After visiting a house in Amityville, Keith finds himself suddenly transported to another realm within the home, with no way to get out. Every door he tries leads him back into the very part of the house that he first found himself in.",2024,20241h 12m,1.3,217,,visiting house amityville keith finds suddenly transported another realm within home way get every door tries leads back part house first found
tt28633405,Gazer,"Frankie, a young mother with dyschronometria, struggles to perceive time. Using cassette tapes for guidance, she takes a risky job from a mysterious woman to support her family, unaware of the dark consequences that await.",2024,20241h 54m,5.5,587,,frankie young mother dyschronometria struggles perceive time using cassette tapes guidance takes risky job mysterious woman support family unaware dark consequences await
tt14402042,Bad Shabbos,An engaged interfaith couple are about to have their parents meet for the first time over a Shabbat dinner when an accidental death gets in the way.,2024,20241h 24m,6.4,1.7K,,engaged interfaith couple parents meet first time shabbat dinner accidental death gets way
tt27664301,The Partisan,A Polish spy who works for the British during the Second World War is compromised in Warsaw after a betrayal and finds herself in a murky world of treachery.,2024,20241h 48m,5.1,653,,polish spy works british second world war compromised warsaw betrayal finds murky world treachery
tt25052668,Christmas Eve in Miller's Point,"On Christmas Eve, a family gathers for what could be the last holiday in their ancestral home. As the night wears on and generational tensions arise, one of the teenagers sneaks out with her friends to claim the wintry suburb for her own.",2024,20241h 46m,5.5,2.8K,,christmas eve family gathers last holiday ancestral home night wears generational tensions arise one teenagers sneaks friends claim wintry suburb
tt26745657,Madgaon Express,The journey of three childhood friends who embark on a trip to Goa that goes completely off-track.,2024,20242h 23m,7.0,43K,,journey three childhood friends embark trip goa goes completely track
tt26655108,The Family Star,"The highs and lows of family relationships in a Indian middle-class family. The life of Govardhan, who wants to achieve greatness in life but has to navigate through a myriad of relationship/trust/ego issues.",2024,20242h 39m,5.4,6.2K,,highs lows family relationships indian middle class family life govardhan wants achieve greatness life navigate myriad relationship trust ego issues
tt33034103,Am I Racist?,"A man investigates diversity, equity and inclusion practices, revealing absurdities through hidden social experiments.",2024,20241h 40m,6.6,18K,,man investigates diversity equity inclusion practices revealing absurdities hidden social experiments
tt13699132,The Supremes at Earl's All-You-Can-Eat,"Lifelong friends, three women share an unbreakable bond after decades of weathering life's storms. Now, through new heartbreaks, the trio is put to the test as they face one of their most challenging moments.",2024,20242h 4m,6.5,1.7K,,lifelong friends three women share unbreakable bond decades weathering life storms new heartbreaks trio put test face one challenging moments
tt12972134,Hounds of War,"After a mission goes wrong, only one of a group of mercenaries is left alive to take revenge for his brothers.",2024,20241h 35m,4.6,2.5K,,mission goes wrong one group mercenaries left alive take revenge brothers
tt30476486,Haikyuu!! The Dumpster Battle,"Despite a strong field, the Karasuno High volleyball team advances past the preliminary round of the Harutaka tournament in Miyagi prefecture to reach the third round.",2024,20241h 25m,7.8,8.4K,,despite strong field karasuno high volleyball team advances past preliminary round harutaka tournament miyagi prefecture reach third round
tt17081498,In Vitro,"On a struggling cattle farm some years in the future, a woman discovers the unsettling consequences of her husband's animal breeding technology.",2024,20241h 29m,5.5,917,,struggling cattle farm years future woman discovers unsettling consequences husband animal breeding technology
tt21096576,One Fast Move,"A young man seeks out his estranged father to pursue his dream of becoming a professional motorcycle racer. With help from his love interest and a motorcycle shop owner, he begins to break down the walls his father's absence had created.",2024,20241h 48m,5.1,2.5K,,young man seeks estranged father pursue dream becoming professional motorcycle racer help love interest motorcycle shop owner begins break walls father absence created
tt22741760,Your Monster,"After her life falls apart, a soft-spoken actress finds her voice again when she meets a terrifying, yet weirdly charming monster living in her closet.",2024,20241h 43m,6.4,8.6K,,life falls apart soft spoken actress finds voice meets terrifying yet weirdly charming monster living closet
tt6881490,Sound of Hope: The Story of Possum Trot,"The true story of Donna and Reverend WC Martin and their church in East Texas, in which 22 families adopted 77 children from the local foster system, igniting a movement for vulnerable children everywhere.",2024,20242h 10m,7.1,2.6K,,true story donna reverend martin church east texas families adopted children local foster system igniting movement vulnerable children everywhere
tt22478818,William Tell,"The narrative unfolds in the 14th Century amidst the days of the Holy Roman Empire where Europe's nations fiercely vie for supremacy and the ambitious Austrians, desiring more land, encroach upon Switzerland, a serene and pastoral nation.",2024,20242h 14m,5.7,7.9K,,narrative unfolds century amidst days holy roman empire europe nations fiercely vie supremacy ambitious austrians desiring land encroach upon switzerland serene pastoral nation
tt34525380,Boss Ma'am,"When a terror female boss was blackmailed by her assistant, she has no choice but to obey and play with her.",2024,20241h 7m,4.4,315,,terror female boss blackmailed assistant choice obey play
tt32124522,Love Switch,"Married couple James and Michelle, on the verge of divorce, magically switch bodies on their anniversary. Forced to experience life from each other's perspectives, they gain newfound respect and understanding, rekindling their love.",2024,20241h 29m,5.9,473,,married couple james michelle verge divorce magically switch bodies anniversary forced experience life perspectives gain newfound respect understanding rekindling love
tt26258902,Quotation Gang,The film revolves around a bold female contract killer. She takes up the crime syndicate and fights for power. An incident changed her life upside down.,2024,20241h 58m,8.7,75,,film revolves around bold female contract killer takes crime syndicate fights power incident changed life upside
tt13494192,Streets of Gloria,"In Rio's hidden corners, a young teacher's love affair with an escort triggers a dangerous obsession.",2024,20241h 43m,5.5,227,,rio hidden corners young teacher love affair escort triggers dangerous obsession
tt2015349,The Greatest Hits,"A love story centering on the connection between music and memory and how they transport us, sometimes literally.",2024,20241h 34m,6.3,9.2K,,love story centering connection music memory transport sometimes literally
tt26245982,Afternoons of Solitude,"Explores the spiritual pain of bullfighting, the tormented torero in a ring, one of the most excessive and graphic examples of the origin of Southern European civilization",2024,20242h 5m,7.1,2K,,explores spiritual pain bullfighting tormented torero ring one excessive graphic examples origin southern european civilization
tt23939106,Ponyboi,"Unfolding over the course of Valentine's Day in New Jersey, a young intersex sex worker must run from the mob after a drug deal goes sideways, forcing him to confront his past.",2024,20241h 43m,5.8,776,,unfolding course valentine day new jersey young intersex sex worker must run mob drug deal goes sideways forcing confront past
tt15392282,Merry Christmas,Two strangers meet on a fateful Christmas Eve. A night of delirious romance turns into a nightmare. Revealing anything more would be a crime.,2024,20242h 24m,6.9,31K,,two strangers meet fateful christmas eve night delirious romance turns nightmare revealing anything crime
tt30810792,Love,"Marianne, a doctor, and Tor, a nurse, avoid relationships. After meeting on a ferry where Tor seeks casual encounters, Marianne explores the possibility of spontaneous intimacy, questioning societal norms.",2024,20242h,7.1,2.1K,,marianne doctor tor nurse avoid relationships meeting ferry tor seeks casual encounters marianne explores possibility spontaneous intimacy questioning societal norms
tt31450914,Hear Me: Our Summer,A hearing-impaired woman and a motorbike delivery man find connection despite communication barriers. They use metaphors of persevering water birds and trees to represent overcoming obstacles in romance and leading to further commitment.,2024,20241h 49m,7.5,1.7K,,hearing impaired woman motorbike delivery man find connection despite communication barriers use metaphors persevering water birds trees represent overcoming obstacles romance leading commitment
tt34466483,Striking Rescue,A veteran Muay Thai expert goes on a take-no-prisoners mission of revenge after his wife and daughter are brutally murdered by mysterious forces.,2024,20241h 51m,5.7,1.5K,,veteran muay thai expert goes take prisoners mission revenge wife daughter brutally murdered mysterious forces
tt32086034,Holy Cow,"Totone's carefree teenage life of drinking and dancing takes a turn when he must provide for his 7-year-old sister. Seeking income, he channels his energy into producing an award-winning comté cheese to claim a competition prize.",2024,20241h 32m,7.0,4.6K,,totone carefree teenage life drinking dancing takes turn must provide year old sister seeking income channels energy producing award winning comt cheese claim competition prize
tt27623406,I Don't Understand You,"Stranded in rural Italy without transportation or language skills, an American couple on the verge of adopting tries to reconnect during a disastrous vacation, as their fears and relationship problems threaten to boil over.",2024,20241h 37m,5.4,2.5K,,stranded rural italy without transportation language skills american couple verge adopting tries reconnect disastrous vacation fears relationship problems threaten boil
tt31939660,House of Sayuri,"A family moves into a house, but discover that it is haunted by a murdered girl.",2024,20241h 48m,6.0,877,,family moves house discover haunted murdered girl
tt30150907,Justice League: Crisis on Infinite Earths - Part Two,The Anti-Monitor (the Monitor's evil counterpart) is released into the DC Multiverse and begins to destroy the different Earths that compose it. The Monitor attempts to recruit heroes from across the Multiverse to fight back.,2024,20241h 35m,5.6,6.6K,,anti monitor monitor evil counterpart released multiverse begins destroy different earths compose monitor attempts recruit heroes across multiverse fight back
tt29259074,Blink,"Chronicles a family's global trip before their children lose vision to a rare genetic disorder, capturing their journey to experience the world's beauty while they can still see it, and preparing for an inevitable future.",2024,20241h 23m,7.2,909,,chronicles family global trip children lose vision rare genetic disorder capturing journey experience world beauty still see preparing inevitable future
tt19864832,La cocina,"In the heart of a bustling Times Square kitchen, dreams and desperation collide as the staff each chase the elusive American dream.",2024,20242h 19m,7.0,5.2K,,heart bustling times square kitchen dreams desperation collide staff chase elusive american dream
tt27050277,The Courier,Follows a hustler and his rise to the top of the corruption that surrounded the real estate bubble after the arrival of the euro in Spain.,2024,20241h 41m,6.1,5.9K,,follows hustler rise top corruption surrounded real estate bubble arrival euro spain
tt21816918,The Painted,"A 1960s suburban family's plans are interrupted when they're called to a deceased relative's estate, where they begin to unravel the secrets that haunt the premises-strange occurrences, archaic rituals, and sinister paintings on the walls.",2024,20241h 25m,4.9,1.7K,,suburban family plans interrupted called deceased relative estate begin unravel secrets haunt premises strange occurrences archaic rituals sinister paintings walls
tt11826260,The Best Friend,"On Canoa Quebrada beach, the reunion between two friends rekindles old desires.",2024,20241h 36m,6.1,323,,canoa quebrada beach reunion two friends rekindles old desires
tt33372496,Jimmy and Stiggs,"A perfect storm of lousy news sees out-of-work filmmaker Jimmy Lang spiral into a bender, during which he claims to have been abducted by aliens, and fearing their return, he contacts his old friend Stiggs to help him gear up for war.",2024,20241h 19m,5.4,833,,perfect storm lousy news sees work filmmaker jimmy lang spiral bender claims abducted aliens fearing return contacts old friend stiggs help gear war
tt27902121,Super/Man: The Christopher Reeve Story,"Reeve's rise to becoming a film star follows with a near-fatal horse-riding accident in 1995 that left him paralyzed from the neck down. After the accident, he became an activist for spinal cord injury treatments and disability rights.",2024,20241h 44m,8.0,12K,,reeve rise becoming film star follows near fatal horse riding accident left paralyzed neck accident became activist spinal cord injury treatments disability rights
tt32898016,Wynonna Earp: Vengeance,Wynonna Earp is coming home to battle her greatest foe yet: a psychotic seductress hellbent on revenge against her...and everyone she loves.,2024,20241h 36m,5.5,2K,,wynonna earp coming home battle greatest foe yet psychotic seductress hellbent revenge everyone loves
tt27004148,Grave Torture,Telling about the punishment of the grave which occurred after a man was buried.,2024,20241h 57m,6.1,3.8K,,telling punishment grave occurred man buried
tt26315685,How to Make Gravy,"A feature film adaptation of Australian music legend Paul Kelly's classic song, 'How to Make Gravy'.",2024,20242h,7.0,1.1K,,feature film adaptation australian music legend paul kelly classic song make gravy
tt26420234,Music by John Williams,Follows the life of legendary composer John Williams.,2024,20241h 45m,8.2,6.2K,,follows life legendary composer john williams
tt14452174,Soundtrack to a Coup d'Etat,Jazz and decolonization are entwined in this historical rollercoaster that rewrites the Cold War episode that led musicians Abbey Lincoln and Max Roach to crash the UN Security Council in protest against the murder of Patrice Lumumba.,2024,20242h 30m,7.8,4.1K,,jazz decolonization entwined historical rollercoaster rewrites cold war episode led musicians abbey lincoln max roach crash security council protest murder patrice lumumba
tt26697087,The Cut,"A retired Irish boxer (Orlando Bloom) returns to the ring for one last shot at the title but only if he makes weight. Holed up in a room in Las Vegas he embarks on an intensive, illegal weight-cut program with an unscrupulous trainer.",2024,20241h 39m,5.5,2.2K,,retired irish boxer orlando bloom returns ring one last shot title makes weight holed room las vegas embarks intensive illegal weight cut program unscrupulous trainer
tt30796448,The Greatest Night in Pop,"On January 28th 1985, dozens of the era's most popular musicians gathered in Los Angeles to record a charity single for African famine relief. Setting egos aside, they collaborated on a song that would make history.",2024,20241h 36m,7.9,17K,,january dozens era popular musicians gathered los angeles record charity single african famine relief setting egos aside collaborated song make history
tt30784256,The Second Act,"Florence wants to introduce David, the man she's madly in love with, to her father. But David isn't attracted to her and wants to throw her into the arms of his friend Willy. The characters meet in a restaurant in the middle of nowhere.",2024,20241h 20m,6.4,5K,,florence wants introduce david man madly love father david isn attracted wants throw arms friend willy characters meet restaurant middle nowhere
tt32086046,Souleymane's Story,A Paris food delivery cyclist and asylum seeker named Souleymane has two days to prepare his story for a make-or-break interview to secure legal residency.,2024,20241h 33m,7.6,7.5K,,paris food delivery cyclist asylum seeker named souleymane two days prepare story make break interview secure legal residency
tt33034505,Pechi,Revolves around age-old practices such as black magic and witchcraft.,2024,20241h 50m,5.5,1.8K,,revolves around age old practices black magic witchcraft
tt21151212,Cult Killer,"After a renowned private investigator is murdered, his protégé takes on the case. As her investigation unfolds, she is forced into a dangerous alliance with his killer to uncover the town's grisly secrets and bring justice to its victims.",2024,20241h 45m,4.8,3.6K,,renowned private investigator murdered prot takes case investigation unfolds forced dangerous alliance killer uncover town grisly secrets bring justice victims
tt4920098,Somnium,"At experimental sleep clinic, Somnium, dreams are made real. Side effects may include: hallucinations, confusion, paranoia, sleep paralysis, detachment from reality, lost sense of self, permanent nightmares.",2024,20241h 32m,4.9,1.7K,,experimental sleep clinic somnium dreams made real side effects may include hallucinations confusion paranoia sleep paralysis detachment reality lost sense self permanent nightmares
tt27819388,Cinderella's Curse,"Based on the same folktale that Disney updated and popularized for children, back in the 1950s.",2024,20241h 22m,3.4,1.7K,,based folktale disney updated popularized children back
tt15181360,Rez Ball,"The Chuska Warriors, a Native American high school basketball team from New Mexico, must band together after losing their star player if they want to keep their quest for a state championship alive.",2024,20241h 51m,6.4,3.1K,,chuska warriors native american high school basketball team new mexico must band together losing star player want keep quest state championship alive
tt30504835,The Reunion,"A family comes together at their estate under the pretext of celebrating their grandma's birthday, but they have come to ship her off to a nursing home and vie for the share of an inheritance in her wake.",2024,20241h 30m,6.2,67,,family comes together estate pretext celebrating grandma birthday come ship nursing home vie share inheritance wake
tt20215816,The Fabulous Four,It tells the story of two friends who travel to be bridesmaids in a surprise wedding of their college girlfriend.,2024,20241h 38m,4.9,2.1K,,tells story two friends travel bridesmaids surprise wedding college girlfriend
tt29578220,National Theatre Live: Vanya,"Andrew Scott brings multiple characters to life in Chekhov's Uncle Vanya, filmed live in West End, London. Hopes, dreams, and regrets are thrust into sharp focus in this one-man adaptation which explores the complexities of human emotions.",2024,20242h 2m,8.4,1.3K,,andrew scott brings multiple characters life chekhov uncle vanya filmed live west end london hopes dreams regrets thrust sharp focus one man adaptation explores complexities human emotions
tt30007864,The American Society of Magical Negroes,A young man is recruited into a secret society of magical black people who dedicate their lives to a cause of utmost importance: making white people's lives easier.,2024,20241h 44m,3.9,13K,,young man recruited secret society magical black people dedicate lives cause utmost importance making white people lives easier
tt30766504,On Falling,"The story focuses on Aurora, a Portuguese worker in a Scottish warehouse, navigating loneliness and alienation in an algorithm-driven gig economy as she seeks meaning and connection amidst solitude and workplace confines.",2024,20241h 44m,7.0,2.2K,,story focuses aurora portuguese worker scottish warehouse navigating loneliness alienation algorithm driven gig economy seeks meaning connection amidst solitude workplace confines
tt31778094,Adult Best Friends,"Inseparable since childhood, levelheaded Katie takes her codependent best friend Delaney on a girls' trip to break the news that she is getting married. Things do not go as planned.",2024,20241h 30m,5.2,800,,inseparable since childhood levelheaded katie takes codependent best friend delaney girls trip break news getting married things planned
tt26861992,Mea Culpa,"A criminal defense attorney, unhappy in her marriage, finds herself seduced by her mysterious new client, an artist accused of murdering his girlfriend.",2024,20242h,4.2,7.6K,,criminal defense attorney unhappy marriage finds seduced mysterious new client artist accused murdering girlfriend
tt28766949,Uranus 2324,"Bonded in their youth and separated by tragedy, an astronaut and a free diver bend the laws of space and time in their efforts to be together again.",2024,20242h 10m,6.3,5.7K,,bonded youth separated tragedy astronaut free diver bend laws space time efforts together
tt17375596,The Empire,A small village of Northern France is the battleground of undercover extraterrestrial knights.,2024,20241h 50m,5.1,1.7K,,small village northern france battleground undercover extraterrestrial knights
tt11433906,Winner,Winner is a brilliant young misfit from Texas who finds her morals challenged while serving in the U.S. Air Force and working as an NSA contractor.,2024,20241h 43m,6.5,3.5K,,winner brilliant young misfit texas finds morals challenged serving air force working nsa contractor
tt27757805,Baby John,Revolves around a DCP who transforms and travels to a different place in order to safeguard his family.,2024,20242h 39m,5.0,20K,,revolves around dcp transforms travels different place order safeguard family
tt21469794,Space Cadet,"Rex, a Florida party girl, turns out to be the only hope for the NASA space program after a fluke puts her in training with other candidates who may have better resumés, but don't have her smarts, heart, and moxie.",2024,20241h 50m,5.0,11K,,rex florida party girl turns hope nasa space program fluke puts training candidates may better resum don smarts heart moxie
tt32881248,Taboo: Family Secrets,"The infidelities by patriarch Lukas divide the family. His Son Tyler visit sparks a taboo relationship with his stepmother Amanda, forever altering the dynamics and loyalties after certain revelations.",2024,20241h 35m,5.9,853,,infidelities patriarch lukas divide family son tyler visit sparks taboo relationship stepmother amanda forever altering dynamics loyalties certain revelations
tt33298226,Ride Away,"Mathias takes his best friend Philippe on a bicycle road trip. Together they will retrace the journey that Youri, his son, had undertaken before tragically disappearing. An epic that they will experience with tenderness, humor and emotion.",2024,20241h 30m,6.7,761,,mathias takes best friend philippe bicycle road trip together retrace journey youri son undertaken tragically disappearing epic experience tenderness humor emotion
tt10225378,Swimming Home,"An adaptation of cult author Deborah Levy's unique and provocative novel about love, loss and longing. A woman invites a naked stranger found floating in the pool of her family holiday villa to help her set those she loves free.",2024,20241h 39m,4.7,644,,adaptation cult author deborah levy unique provocative novel love loss longing woman invites naked stranger found floating pool family holiday villa help set loves free
tt8442220,Longing,A business mogul runs into his old small town girlfriend while she is visiting the big city only to find out that they had a child together that he was unaware of. Based on an award-winning foreign language film.,2024,20241h 51m,4.8,1.6K,,business mogul runs old small town girlfriend visiting big city find child together unaware based award winning foreign language film
tt22889928,The Radleys,"A seemingly ordinary family actually has a dark secret: they are vampires. They choose not to drink blood despite their natural cravings, but their truth is revealed one day.",2024,20241h 55m,5.1,3.8K,,seemingly ordinary family actually dark secret vampires choose drink blood despite natural cravings truth revealed one day
tt28239875,The Silent Planet,"Follows two inmates in the near future who are sentenced to a lifetime of hard labor on a distant planet. As things unravel, they become increasingly paranoid and start to lose a sense of who they are and their past lives.",2024,20241h 35m,4.8,539,,follows two inmates near future sentenced lifetime hard labor distant planet things unravel become increasingly paranoid start lose sense past lives
tt26750984,Buzzheart,"Driven by deep concern for their fragile daughter, her parents subject her boyfriend to shockingly intense and brutal tests, pushing the boundaries of his love to its absolute limits.",2024,20241h 50m,5.5,395,,driven deep concern fragile daughter parents subject boyfriend shockingly intense brutal tests pushing boundaries love absolute limits
tt32592802,Bougainvillea,A family entangled in a police investigation surrounding the mysterious disappearance of tourists in Kerala.,2024,20242h 18m,6.4,3.9K,,family entangled police investigation surrounding mysterious disappearance tourists kerala
tt29426703,Rats!,"In Fresno, Texas, graffiti artist Raphael's arrest leads to his involvement in a chain of events involving a sting operation, suicide, drug deals, criminal suspicions, weapons, a newswoman, and a plutonium deal gone wrong, creating chaos.",2024,20241h 25m,6.3,474,,fresno texas graffiti artist raphael arrest leads involvement chain events involving sting operation suicide drug deals criminal suspicions weapons newswoman plutonium deal gone wrong creating chaos
tt34287697,Missing Child Videotape,"A videotape arrives from Keita's mother, unveiling his brother's disappearance. Haunted by this memory, Keita ventures to the ruins of a mysterious mountain to confront the incident.",2024,20241h 44m,5.4,474,,videotape arrives keita mother unveiling brother disappearance haunted memory keita ventures ruins mysterious mountain confront incident
tt27774999,Bonjour Tristesse,Cécile's relaxing summer with her father in the south of France is upended by the arrival of the enigmatic Anne.,2024,20241h 50m,5.7,1.6K,,cile relaxing summer father south france upended arrival enigmatic anne
tt20112600,Race for Glory: Audi vs. Lancia,"A true David vs. Goliath story spotlighting the intense rivalry between Audi and Lancia at the 1983 Rally World Championship. Against all odds, Lancia battles to regain its former glory with a combination of innovation and courage.",2024,20241h 49m,5.8,6.2K,,true david goliath story spotlighting intense rivalry audi lancia rally world championship odds lancia battles regain former glory combination innovation courage
tt30319830,Skywalkers: A Love Story,"A daring couple travels worldwide to climb the 118-story megatall skyscraper, Merdeka 118, in Kuala Lumpur, Malaysia, attempting a bold acrobatic stunt on the spire to salvage both their career and relationship.",2024,20241h 40m,7.1,4.4K,,daring couple travels worldwide climb story megatall skyscraper merdeka kuala lumpur malaysia attempting bold acrobatic stunt spire salvage career relationship
tt30217143,Trouble,"Conny, a divorced salesman, gets wrongfully imprisoned for murder. There, he meets criminals who mistake him for a pilot like his ex-wife's new boyfriend. Chaos ensues as he navigates life behind bars while separated from his daughter.",2024,20241h 38m,6.2,8K,,conny divorced salesman gets wrongfully imprisoned murder meets criminals mistake pilot like wife new boyfriend chaos ensues navigates life behind bars separated daughter
tt26658272,Amar Singh Chamkila,"Follows the life of pop star duo Amar Singh Chamkila and Amarjot Kaur, whose songs that were social commentaries or devotionals became massive hits in the 80's.",2024,20242h 25m,7.8,18K,,follows life pop star duo amar singh chamkila amarjot kaur whose songs social commentaries devotionals became massive hits
tt31797468,TL,"Brenda, a top agent in a BPO company, is always overlooked for promotion. But not this time; as she gets more than intimate with her TL. Is her long awaited position within her reach? Or did she just put herself in a bad situation?",2024,202446m,4.4,244,,brenda top agent bpo company always overlooked promotion time gets intimate long awaited position within reach put bad situation
tt28784834,The Body,"A night watchman escapes from the morgue where he works and is run over. The inspector called to investigate discovers that the body of a recently deceased woman is missing. Questioning the widower, he begins to suspect him.",2024,20241h 56m,6.3,1.1K,,night watchman escapes morgue works run inspector called investigate discovers body recently deceased woman missing questioning widower begins suspect
tt22206410,Spread,"To make ends meet, an aspiring journalist is forced to take a job at the world's largest porn magazine-beginning her journey to change her life, and the porn industry, forever.",2024,20241h 33m,5.7,780,,make ends meet aspiring journalist forced take job world largest porn magazine beginning journey change life porn industry forever
tt31912843,Stag,"Gold reappears after vanishing for months. His car breaks down in a remote area. He meets peculiar people in a house. Waking up in his car, he questions if it was a dream or reality.",2024,20241h 27m,5.3,784,,gold reappears vanishing months car breaks remote area meets peculiar people house waking car questions dream reality
tt31013268,The Stickman's Hollow,A series of mysterious and savage murders plague an area of remote wilderness known for its insidious past.,2024,20241h 23m,5.0,323,,series mysterious savage murders plague area remote wilderness known insidious past
tt20194882,Lonely Planet,"At a retreat in Morocco, a woman meets a young man whose acquaintanceship evolves into an intoxicating, life-altering love affair.",2024,20241h 34m,5.7,14K,,retreat morocco woman meets young man whose acquaintanceship evolves intoxicating life altering love affair
tt26315947,Behind the Lines,Follows a passionate historian who travels the world to find and preserve letters written during times of war.,2024,20241h 28m,8.0,60,,follows passionate historian travels world find preserve letters written times war
tt30835984,Chithini,"Chithini is an upcoming Malayalam language feature film Directed by East Coast Vijayan. Details regarding the plot of 'Chithini' are yet to be disclosed. However, given its genre as a horror family emotional thriller.",2024,20242h 31m,4.8,577,,chithini upcoming malayalam language feature film directed east coast vijayan details regarding plot chithini yet disclosed however given genre horror family emotional thriller
tt27911420,Manas,"Aware that the future does not hold many options for her in a riverside community on Marajó Island, a 13-year-old girl decides to confront the violent machinery that governs her family and the women in her community.",2024,20241h 41m,7.8,1.4K,,aware future hold many options riverside community maraj island year old girl decides confront violent machinery governs family women community
tt1659324,Depravity,"A group of tenants, suspecting that their neighbor could be is a serial killer, stumble upon an art heist worth millions.",2024,20241h 57m,4.3,1.6K,,group tenants suspecting neighbor serial killer stumble upon art heist worth millions
tt23784934,What Happened to Dorothy Bell?,"Ozzie Gray video documents her investigation into the traumatic events from her early childhood, which involved her late grandmother, Dorothy Bell.",2024,20241h 20m,5.1,445,,ozzie gray video documents investigation traumatic events early childhood involved late grandmother dorothy bell
tt31350080,April,"Nina, an OB-GYN, faces accusations after a newborn's death. Her life undergoes scrutiny during the investigation. She persists in her medical duties, determined to provide care others hesitate to offer, despite risks.",2024,20242h 14m,6.5,1.5K,,nina gyn faces accusations newborn death life undergoes scrutiny investigation persists medical duties determined provide care others hesitate offer despite risks
tt18226544,Dooba Dooba,In-home security cameras watch as an awkward sixteen year old girl terrorizes her well meaning babysitter.,2024,20241h 16m,6.0,72,,home security cameras watch awkward sixteen year old girl terrorizes well meaning babysitter
tt29402528,Doraemon the Movie: Nobita's Earth Symphony,"Doraemon and friends go on an adventure to meet new buddies, connect to people with music, and save the world from a crisis.",2024,20241h 55m,6.6,2K,,doraemon friends adventure meet new buddies connect people music save world crisis
tt28821588,The Soul Eater,"When violent and gruesome deaths starts plaguing a small mountain village, an old legend about a malevolent creature resurfaces.",2024,20241h 48m,5.8,4K,,violent gruesome deaths starts plaguing small mountain village old legend malevolent creature resurfaces
tt32887285,KA,"In a village where the sun sinks below the horizon by 3 PM, darkness creeps in early, bringing with it a chilling wave of inexplicable horrors.",2024,20242h 31m,7.0,2.1K,,village sun sinks horizon darkness creeps early bringing chilling wave inexplicable horrors
tt33048771,God's Here,"In Granbury, TX, firefighter Jack Gilmore makes holiday memories with his son and not knowingly shares a final kiss with his wife. But when a runaway teen's car hits his wife's car, Jack grapples with his faith and the idea of forgiveness.",2024,20241h 35m,5.6,167,,granbury firefighter jack gilmore makes holiday memories son knowingly shares final kiss wife runaway teen car hits wife car jack grapples faith idea forgiveness
tt30395619,Demon Slayer: Kimetsu No Yaiba - To the Hashira Training,"Tanjiro undergoes rigorous training with the Stone Hashira, Himejima, in his quest to become a Hashira. Meanwhile, Muzan continues to search for Nezuko and Ubuyashiki.",2024,20241h 44m,7.3,11K,,tanjiro undergoes rigorous training stone hashira himejima quest become hashira meanwhile muzan continues search nezuko ubuyashiki
tt16161330,Sex-Positive,"Virginia tumbles into a wild and thrilling new world of sexual liberation when she moves in with a group of polyamorous party animals, including the charming but commitment-phobic Jake.",2024,20241h 25m,4.1,969,,virginia tumbles wild thrilling new world sexual liberation moves group polyamorous party animals including charming commitment phobic jake
tt32313870,Blue Cave,"Navy soldier Cem embarks on trip to ""Blue Cave"" he promised wife Alara. Journey unveils details of their relationship, affirming enduring love beyond death.",2024,20241h 28m,5.3,8.5K,,navy soldier cem embarks trip blue cave promised wife alara journey unveils details relationship affirming enduring love beyond death
tt37285462,The Punisher: Nightmare,"Haunted by the brutal loss of his family, Frank-once an early husband, father, and Marine-is consumed by grief and transformed into a relentless vigilante. After two years of trying to escape his violent past and find peace, a new wave of bloodshed forces him back into the fight. At the start of his dark crusade, he must confront the toll of his vengeance-not just in the streets but within his own soul.",2024,20241h 40m,8.6,26,,haunted brutal loss family frank early husband father marine consumed grief transformed relentless vigilante two years trying escape violent past find peace new wave bloodshed forces back fight start dark crusade must confront toll vengeance streets within soul
tt9462944,Treasure,"An American journalist travels to Poland with her Holocaust survivor father to visit the places of his childhood. However, he sabotages the trip by avoiding reliving his trauma.",2024,20241h 51m,6.4,2.7K,,american journalist travels poland holocaust survivor father visit places childhood however sabotages trip avoiding reliving trauma
tt29373684,Hunting Matthew Nichols,"Two decades after her brother mysteriously disappeared on Vancouver Island, a documentary filmmaker sets out to solve his missing person's case. When a disturbing piece of evidence is revealed, she comes to believe he might still be alive.",2024,20241h 29m,5.6,790,,two decades brother mysteriously disappeared vancouver island documentary filmmaker sets solve missing person case disturbing piece evidence revealed comes believe might still alive
tt26743414,Monsieur Aznavour,"Follows the beginnings of the iconic French-Armenian singer, songwriter and actor, Charles Aznavour, from zero to fame.",2024,20242h 13m,7.2,4.7K,,follows beginnings iconic french armenian singer songwriter actor charles aznavour zero fame
tt33351116,Nobody Dumps My Daughter,"After Jimmy breaks up with Theresa, her obsessive mother Mary tries desperately to reunite them, even hiring a hitman to kill Jimmy when bribing him fails.",2024,20241h 28m,5.7,446,,jimmy breaks theresa obsessive mother mary tries desperately reunite even hiring hitman kill jimmy bribing fails
tt21097192,Die Alone,Tells the story of a young man who has amnesia. He bands together with a rugged survivalist in a zombie-like outbreak to find his girlfriend.,2024,20241h 30m,5.8,6K,,tells story young man amnesia bands together rugged survivalist zombie like outbreak find girlfriend
tt14753612,Swatantra Veer Savarkar,"The life journey of Indian freedom fighter and reformer Vinayak Damodar Savarkar, popularly known as Veer Savarkar.",2024,20242h 56m,7.7,18K,,life journey indian freedom fighter reformer vinayak damodar savarkar popularly known veer savarkar
tt30144381,Nutcrackers,"In the most unlikely of places, four siblings find a loving shelter in an unexpected turn of circumstances. This endearing comedy-drama draws inspiration from actual events and deftly crafts a gripping story that unites everyone.",2024,20241h 44m,5.5,11K,,unlikely places four siblings find loving shelter unexpected turn circumstances endearing comedy drama draws inspiration actual events deftly crafts gripping story unites everyone
tt12616480,Slingshot,"An astronaut struggles to maintain his grip on reality aboard a possibly fatally compromised mission to Saturn's moon, Titan.",2024,20241h 48m,5.7,12K,,astronaut struggles maintain grip reality aboard possibly fatally compromised mission saturn moon titan
tt27858066,Standing on the Shoulders of Kitties,"Bubbles' band ""The Shitrockers"" lands a European tour but gets kicked off, forcing them to busk. Randy is their roadie. Can Ricky and Julian save them from the streets of Prague?",2024,20241h 51m,6.2,895,,bubbles band shitrockers lands european tour gets kicked forcing busk randy roadie ricky julian save streets prague
tt30795948,A Little Something Extra,"To escape the police, a son and his father find refuge in a summer camp for young adults with disabilities, posing as a resident and his educator. The beginning of trouble and a wonderful human experience that will change them forever.",2024,20241h 39m,6.9,6.9K,,escape police son father find refuge summer camp young adults disabilities posing resident educator beginning trouble wonderful human experience change forever
tt10450852,Deep Six,An ex-con gets released early from prison only to be forced into an undercover unit of six men and on his first day the other five are all killed. Now he must face the men who he was tasked to spy on.,2024,20241h 38m,3.6,444,,con gets released early prison forced undercover unit six men first day five killed must face men tasked spy
tt27599713,The Red Virgin,"Hildegart Rodríguez, a precocious and prolific writer in Spain's 1930s, raised by her mother to become a model of future women.",2024,20241h 54m,6.8,4K,,hildegart rodr guez precocious prolific writer spain raised mother become model future women
tt28284984,Revolver,"An ex-police officer embarks on a single-minded goal upon leaving jail, after serving a sentence for crimes committed under dubious circumstances.",2024,20241h 54m,5.5,1.3K,,police officer embarks single minded goal upon leaving jail serving sentence crimes committed dubious circumstances
tt31624258,Hijack 1971,People fight to survive when a passenger plane is hijacked over Korean airspace in 1971.,2024,20241h 40m,6.8,4.3K,,people fight survive passenger plane hijacked korean airspace
tt27917467,Siddharth Roy,"Siddharth Roy Embraces logic and reason but is overwhelmed by emotions, resulting in heartache and inner turmoil.",2024,20242h 28m,6.2,3K,,siddharth roy embraces logic reason overwhelmed emotions resulting heartache inner turmoil
tt11668530,Anaconda,"A re-interpretation of the iconic '90s creature feature, in which a group of circus athletes - having found themselves stranded in a rain forest - come face-to-face with the elements, a bloodthirsty poacher, and a formidable giant snake.",2024,20241h 24m,4.7,1.4K,,interpretation iconic creature feature group circus athletes found stranded rain forest come face face elements bloodthirsty poacher formidable giant snake
tt18107136,The Death That Awaits,A drifter searching for answers to a mystery from her past takes on a job looking after a sick teen who is undergoing a mysterious transformation her family will do anything to stop.,2024,20241h 42m,5.3,1.3K,,drifter searching answers mystery past takes job looking sick teen undergoing mysterious transformation family anything stop
tt31392065,Federer: Twelve Final Days,Follows the last 12 days of the career of a tennis player considered the best ever as he plays his final tournament.,2024,20241h 28m,7.3,4.7K,,follows last days career tennis player considered best ever plays final tournament
tt32389619,Outside,"A family seeks refuge on an isolated farm during a zombie apocalypse, but long-buried secrets strain their relationships as they struggle to survive.",2024,20242h 22m,5.1,5.5K,,family seeks refuge isolated farm zombie apocalypse long buried secrets strain relationships struggle survive
tt29722855,Badland Hunters,"When an earthquake turns Seoul into a lawless badland, a fearless huntsman goes on to rescue a teenager from a mad doctor who held the teenager captive in a camp full of dangerous cultists.",2024,20241h 47m,6.0,14K,,earthquake turns seoul lawless badland fearless huntsman goes rescue teenager mad doctor held teenager captive camp full dangerous cultists
tt30287778,"I, the Executioner","Rookie detective Park Sun Woo and Seo Do-Cheol, a veteran of the Violent Crimes Investigation Division team, chase after a serial killer who shakes up their world.",2024,20241h 58m,6.3,2.7K,,rookie detective park sun woo seo cheol veteran violent crimes investigation division team chase serial killer shakes world
tt22506854,The Sleeping Woman,"Ana, a nursing assistant, begins to feel attracted to Agustín, the husband of a woman in a coma whom she cares for. She then begins to be harassed by strange phenomena who want to throw her out of the house and separate her from Agustín.",2024,20241h 50m,5.2,742,,ana nursing assistant begins feel attracted agust husband woman coma cares begins harassed strange phenomena want throw house separate agust
tt33045604,Painter and Lampshade,"An artist meets a mysterious woman who becomes his model for his nude artwork. He then fantasizes making love to her; however, he always remembers her number one rule - she can't be touched.",2024,20241h 46m,4.8,161,,artist meets mysterious woman becomes model nude artwork fantasizes making love however always remembers number one rule touched
tt4853290,Out Come the Wolves,"At a cabin deep in the wilderness, a weekend of hunting turns to mayhem and a fight for survival when a pack of wolves attack a man, his female best friend and her fiance.",2024,20241h 26m,4.7,2.1K,,cabin deep wilderness weekend hunting turns mayhem fight survival pack wolves attack man female best friend fiance
tt31513578,Death Whisperer 2,"In a world shrouded by darkness, a relentless force seeks retribution, undeterred by boundaries or morality",2024,20241h 50m,6.3,2.1K,,world shrouded darkness relentless force seeks retribution undeterred boundaries morality
tt27958252,Caught by the Tides,"A Chinese woman lives for herself in silence, celebrating the prosperous Belle Epoque with songs and dance.",2024,20241h 51m,6.7,2.7K,,chinese woman lives silence celebrating prosperous belle epoque songs dance
tt18070666,Darkest Miriam,"Miriam Gordon lives in a fog of grief while working in a downtown public library branch. When a burgeoning love-affair coincides with her receiving a series of oddly threatening letters, Miriam's sheltered existence is cracked open.",2024,20241h 27m,5.6,555,,miriam gordon lives fog grief working downtown public library branch burgeoning love affair coincides receiving series oddly threatening letters miriam sheltered existence cracked open
tt14260566,The Great Lillian Hall,"Lillian Hall, a Broadway actress, has never missed a performance throughout her long, illustrious career. Yet in the rehearsals her confidence is challenged. People and events conspire to take away her ability to do what she loves most.",2024,20241h 50m,7.2,2.6K,,lillian hall broadway actress never missed performance throughout long illustrious career yet rehearsals confidence challenged people events conspire take away ability loves
tt27725206,Little Bites,"In a desperate attempt to protect her ten-year-old daughter, a young widow allows a nightmarish monster to slowly eat her alive.",2024,20241h 45m,4.7,1.8K,,desperate attempt protect ten year old daughter young widow allows nightmarish monster slowly eat alive
tt38266673,Your Letter,"A bullied girl transfers schools hoping for peace, but her past trauma isolates her-until she discovers a series of secret letters hidden around the school, leading her on a mysterious quest to uncover their sender's true intent.",2024,20241h 36m,7.2,317,,bullied girl transfers schools hoping peace past trauma isolates discovers series secret letters hidden around school leading mysterious quest uncover sender true intent
tt27180099,Grand Tour,"Edward, civil servant, flees fiancée Molly on their wedding day in Rangoon, 1917. His travels replace panic with melancholy. Molly, set on marriage, amused by his escape, trails him across Asia.",2024,20242h 9m,6.5,2.9K,,edward civil servant flees fianc molly wedding day rangoon travels replace panic melancholy molly set marriage amused escape trails across asia
tt21141136,Plan B,"When a one night stand with her awkward neighbor leaves her pregnant, a young woman decides to quickly sleep with a successful businessman and tell him he's the father of her unborn baby.",2024,20241h 30m,5.9,1.7K,,one night stand awkward neighbor leaves pregnant young woman decides quickly sleep successful businessman tell father unborn baby
tt33269451,Kiskisan,"Steamy tale of love, lust, and betrayal. When Adele's sister Bea returns with her girlfriend Cheska, a secret affair begins between Cheska and Adele's boyfriend, Rener, leading to a climactic ending when they're caught.",2024,20241h 2m,5.1,376,,steamy tale love lust betrayal adele sister bea returns girlfriend cheska secret affair begins cheska adele boyfriend rener leading climactic ending caught
tt30524053,Bedspacer,Janice's steamy obsession to imitate Lexi propels them to campus stardom. But dark secrets blur the lines between authenticity and seductive deception.,2024,20241h 30m,4.3,460,,janice steamy obsession imitate lexi propels campus stardom dark secrets blur lines authenticity seductive deception
tt27510257,Thalavan,"Retired Dysp Udhayabhanu narrates events of his professional life in a TV program. He reveals the intriguing details of the 'Chepanamthota case', a milestone event in his career.",2024,20242h 11m,7.2,7.1K,,retired dysp udhayabhanu narrates events professional life program reveals intriguing details chepanamthota case milestone event career
tt34377012,Mukadderat,After the loss of her husband Sultan wants to remarry. Thus she finds herself in a new way.,2024,20241h 30m,6.9,2.7K,,loss husband sultan wants remarry thus finds new way
tt12704978,Audrey's Children,"1969. Dr. Audrey Evans joins world-renowned children's hospital and battles sexism, medical conventions, and the subterfuge of her peers to develop revolutionary treatments and purchase the first Ronald McDonald House, impacting millions.",2024,20241h 50m,6.8,1K,,audrey evans joins world renowned children hospital battles sexism medical conventions subterfuge peers develop revolutionary treatments purchase first ronald mcdonald house impacting millions
tt19049226,Barba Ensopada de Sangue,"A man decides to end his own life and asks one of his children to take care of his dog after his death. In this dramatic conversation, the father reveals to his son the mysterious disappearance of his grandfather in a small fishing town. Then begins the saga of the guy and his dog in search of answers that involve his life and that of his family. A film that involves mystery and action in a passionate setting of the southern coast of Brazil.",2024,20241h 48m,6.1,90,,man decides end life asks one children take care dog death dramatic conversation father reveals son mysterious disappearance grandfather small fishing town begins saga guy dog search answers involve life family film involves mystery action passionate setting southern coast brazil
tt13818368,Fighter,A reckless yet brilliant squadron leader and his team of elite fighter pilots face mortal dangers and inner demons as they unite for a deadly mission.,2024,20242h 46m,6.1,54K,,reckless yet brilliant squadron leader team elite fighter pilots face mortal dangers inner demons unite deadly mission
tt27995594,Munjya,"A young man's visit to his native village unveils a family secret and a vengeful spirit, the Munjya, who wants to get married. Now the young man must fight to protect himself and his love from Munjya's clutches.",2024,20242h 3m,6.3,29K,,young man visit native village unveils family secret vengeful spirit munjya wants get married young man must fight protect love munjya clutches
tt32060445,Sister Midnight,A genre-bending comedy about a frustrated and misanthropic newlywed who discovers certain feral impulses that land her in unlikely situations.,2024,20241h 47m,5.7,3.3K,,genre bending comedy frustrated misanthropic newlywed discovers certain feral impulses land unlikely situations
tt21609514,The Moogai,"A young Aboriginal couple brings home their second baby. What should be a joyous time takes a sinister turn, as the baby's mother starts seeing a malevolent spirit she is convinced is trying to take her baby.",2024,20241h 23m,5.3,801,,young aboriginal couple brings home second baby joyous time takes sinister turn baby mother starts seeing malevolent spirit convinced trying take baby
tt40761568,Ahsoka: The Patterson Cut,"Former Jedi Ahsoka Tano investigates Imperial remnants seeking to resurrect Grand Admiral Thrawn, who vanished with Jedi Ezra Bridger. This fan edit condenses the 2023 series' eight episodes into a two-and-a-half hour film.",2024,20242h 37m,7.7,33,,former jedi ahsoka tano investigates imperial remnants seeking resurrect grand admiral thrawn vanished jedi ezra bridger fan edit condenses series eight episodes two half hour film
tt27490099,Beating Hearts,"Local rebellious teenager Clotaire falls for his schoolmate Jackie, but gang violence leads him to a darker destructive path. After years apart, the star-crossed lovers discover that every path they've taken leads them back together.",2024,20242h 41m,7.0,8.9K,,local rebellious teenager clotaire falls schoolmate jackie gang violence leads darker destructive path years apart star crossed lovers discover every path taken leads back together
tt28223926,Skincare,"Famed aesthetician Hope Goldman's skincare business faces sabotage when rival Angel Vergara opens a boutique across the street. Aided by friend Jordan, Hope seeks to uncover who's trying to ruin her reputation.",2024,20241h 36m,5.7,6.3K,,famed aesthetician hope goldman skincare business faces sabotage rival angel vergara opens boutique across street aided friend jordan hope seeks uncover trying ruin reputation
tt22299436,The Astronaut Lovers,"Pedro returns to Argentina to spend the holidays with friends and family. He meets up with Maxi, a childhood friend who attracts him. Both engage in a playful game of flirtation and seduction.",2024,20241h 56m,7.1,1.9K,,pedro returns argentina spend holidays friends family meets maxi childhood friend attracts engage playful game flirtation seduction
tt30743549,The Mouse Trap,"It's Alex's 21st Birthday, but she's stuck at the amusement arcade on a late shift so her friends decide to surprise her, but a masked killer dressed as Mickey Mouse decides to play a game of his own with them which she must survive.",2024,20241h 20m,2.4,4.5K,,alex birthday stuck amusement arcade late shift friends decide surprise masked killer dressed mickey mouse decides play game must survive
tt21265054,Invasion,"When neighboring country Veragua suddenly attacks Curaçao and Aruba, the Dutch government is taken completely by surprise. The conflict escalates rapidly. Three young Dutch Corps recruits must figure out what is the right thing to do.",2024,20241h 31m,4.7,919,,neighboring country veragua suddenly attacks cura aruba dutch government taken completely surprise conflict escalates rapidly three young dutch corps recruits must figure right thing
tt10239112,Shook,"After a run-in with his estranged father, an aspiring writer learns a secret that will force him to balance family, love, and success while navigating the divide between the exciting city life he wants and his suburban reality.",2024,20241h 53m,5.8,190,,run estranged father aspiring writer learns secret force balance family love success navigating divide exciting city life wants suburban reality
tt32382919,Baby Assassins: Nice Days,Teenage assassins Chisato and Mahiro visit the coastal city of Miyazaki when they unexpectedly cross paths with a bloodthirsty assassin who's looking to add to his personal body count.,2024,20241h 52m,7.0,946,,teenage assassins chisato mahiro visit coastal city miyazaki unexpectedly cross paths bloodthirsty assassin looking add personal body count
tt27951176,Life of Belle,"In 2018, Annabelle Starnes went missing. York County police released surveillance footage of the home in hopes of new leads.",2024,20241h 13m,5.0,912,,annabelle starnes went missing york county police released surveillance footage home hopes new leads
tt31956123,Shadow Land,"Haunted by relentless nightmares foretelling his untimely demise, Former President Robert Wainwright summons his past psychiatrist to his upstate residence who discovers the threat may be more real than imagined.",2024,20241h 29m,3.9,663,,haunted relentless nightmares foretelling untimely demise former president robert wainwright summons past psychiatrist upstate residence discovers threat may real imagined
tt31152127,Thug in a Suit,"Many years ago, Zhou Ke broke into a gang den alone and rescued his brother Banuo, but was arrested and imprisoned. Fast forward a few years, Zhou Ke is released from prison and lives a carefree life as Li Fei. Where should Zhou Ke go?",2024,20241h 40m,5.9,209,,many years ago zhou broke gang den alone rescued brother banuo arrested imprisoned fast forward years zhou released prison lives carefree life fei zhou
tt27487473,The Wages of Fear,"In order to prevent a deadly explosion, an illicit crack team has 24 hours to drive two truckloads of nitroglycerine across a desert laden with danger.",2024,20241h 44m,4.6,4.6K,,order prevent deadly explosion illicit crack team hours drive two truckloads nitroglycerine across desert laden danger
tt30325268,Three Friends,"Joan's love fades for Victor while Alice reassures her about her own unfulfilling relationship with Eric. Unbeknownst to Alice, Eric is involved with Rebecca. Their lives spiral after Joan leaves Victor, who goes missing.",2024,20241h 57m,6.6,1.7K,,joan love fades victor alice reassures unfulfilling relationship eric unbeknownst alice eric involved rebecca lives spiral joan leaves victor goes missing
tt32499895,Millers in Marriage,"A tale of three middle-aged married couples coming to grips with universal questions about marriage and fidelity, professional success and failure, and the challenge of finding a second act.",2024,20241h 57m,5.4,955,,tale three middle aged married couples coming grips universal questions marriage fidelity professional success failure challenge finding second act
tt17717416,Bad Genius,A group of seniors of an entrepreneurial high school team up to take down a rigged college admissions system.,2024,20241h 36m,6.3,3.7K,,group seniors entrepreneurial high school team take rigged college admissions system
tt30253266,The Painter,"An ex-CIA operative is thrown back into a dangerous world when a mysterious woman from his past resurfaces. Now exposed and targeted by a relentless killer and a rogue black ops program, he must rely on skills he thought he left behind.",2024,20241h 40m,4.8,2.9K,,cia operative thrown back dangerous world mysterious woman past resurfaces exposed targeted relentless killer rogue black ops program must rely skills thought left behind
tt20255504,Buffalo Stone,Bring Them Home/Aiskótáhkapiyaaya chronicles a decades-long initiative by members of the Blackfoot Confederacy to bring wild buffalo (Blackfeet: iinnii) back to the Blackfeet Reservation.,2024,20241h 25m,8.4,81,,bring home aisk hkapiyaaya chronicles decades long initiative members blackfoot confederacy bring wild buffalo blackfeet iinnii back blackfeet reservation
tt9046896,Junction,"Junction addresses the modern day opioid crisis in America, and asks how did this happen, from three different points of view. The CEO of a pharmaceutical company, a doctor, and a patient.",2024,20241h 38m,5.2,387,,junction addresses modern day opioid crisis america asks happen three different points view ceo pharmaceutical company doctor patient
tt32810511,Lick,"Evelyn wakes up in Vegas married to rock star David after blacking out on her 21st birthday. Thrust into his fame, she questions if she can handle his lifestyle as they navigate if their marriage is real or a mistake.",2024,20241h 15m,6.1,1.5K,,evelyn wakes vegas married rock star david blacking birthday thrust fame questions handle lifestyle navigate marriage real mistake
tt21967916,The Dead Thing,"A young woman lost in a series of meaningless connections falls in love with a charismatic and sensitive man, who hides a dark secret that turns her affair into a dangerous obsession.",2024,20241h 34m,4.8,1.3K,,young woman lost series meaningless connections falls love charismatic sensitive man hides dark secret turns affair dangerous obsession
tt8964540,Stream,"The Keenan family's simple weekend getaway truly turns into a vacation to die for, as four deranged killers playing a sadistic game lock down their hotel and compete for the most creative murders of all the guests.",2024,20242h 3m,5.7,11K,,keenan family simple weekend getaway truly turns vacation die four deranged killers playing sadistic game lock hotel compete creative murders guests
tt27786496,Don't Mess with Grandma,"A drunk Army ranger must fight off the vicious robbers who plan to loot the cabin belonging to his sweet, oblivious grandmother.",2024,20241h 21m,5.5,391,,drunk army ranger must fight vicious robbers plan loot cabin belonging sweet oblivious grandmother
tt33030125,Seeking Haven for Mr. Rambo,"On a quest to save Rambo, his dog and best friend; Hassan is forced to confront the fears of his past and rediscovers himself.",2024,20241h 40m,7.9,2K,,quest save rambo dog best friend hassan forced confront fears past rediscovers
tt27155283,Do Not Enter,"Two friends, aspiring YouTubers, trespass where they shouldn't. Their adventure takes a terrifying turn as they confront an unimaginable horror.",2024,20241h 25m,5.3,1.1K,,two friends aspiring youtubers trespass shouldn adventure takes terrifying turn confront unimaginable horror
tt22525442,I Wish You All the Best,"After being kicked out of the house by their parents, a teen embarks upon a journey of self-discovery that teaches them about love, friendship, and family.",2024,20241h 33m,5.7,821,,kicked house parents teen embarks upon journey self discovery teaches love friendship family
tt32359447,Hot Frosty,"Widow Kathy magically brings a snowman to life. His innocence helps her heal and find love again. They bond before the holidays, but he's doomed to melt.",2024,20241h 32m,5.3,16K,,widow kathy magically brings snowman life innocence helps heal find love bond holidays doomed melt
tt32138523,Avicii - I'm Tim,"Tim Bergling, a shy and insecure boy who, without realizing it, suddenly created one of the world's most loved artists - Avicii.",2024,20241h 35m,7.7,8.6K,,tim bergling shy insecure boy without realizing suddenly created one world loved artists avicii
tt35332651,A Very Special Terrifier Christmas,"Fight off a killer winter and settle in by the fire with Art the Clown. Chestnuts are roasting, terror is toasting, and the screams create the perfect jolly ambient tone to relax to in this fireside special.",2024,20241h 10m,5.2,101,,fight killer winter settle fire art clown chestnuts roasting terror toasting screams create perfect jolly ambient tone relax fireside special
tt29482291,When Autumn Falls,"Michelle, a retiree in Burgundy, expects her grandson Lucas but a mistake ruins her plans. Her friend Marie-Claude's son is released from prison, reviving Michelle's purpose.",2024,20241h 44m,6.9,4.6K,,michelle retiree burgundy expects grandson lucas mistake ruins plans friend marie claude son released prison reviving michelle purpose
tt15380608,Bagheera,"When society turns into a jungle, just one predator cries out for justice.",2024,20242h 38m,6.7,8.7K,,society turns jungle one predator cries justice
tt31777812,Mutants of Nature Cove,"Party girls take shy Beth to nude beach with secluded Mutants causing hallucinations. Mysterious woman chants spells, Mutants attack. Beth plans to send soul-stealing Mutants back to hell permanently.",2024,20241h 28m,3.2,270,,party girls take shy beth nude beach secluded mutants causing hallucinations mysterious woman chants spells mutants attack beth plans send soul stealing mutants back hell permanently
tt28440231,Checkpoint Zoo,"Checkpoint Zoo documents a daring rescue led by a heroic team of zookeepers and volunteers, who risked their lives to save thousands of animals trapped in a zoo behind enemy lines in the Russian Invasion of Ukraine.",2024,20241h 43m,8.0,157,,checkpoint zoo documents daring rescue led heroic team zookeepers volunteers risked lives save thousands animals trapped zoo behind enemy lines russian invasion ukraine
tt10831486,Levels,"After witnessing his girlfriend's murder, a man risks everything - including reality itself - to discover the truth.",2024,20241h 33m,5.0,2.2K,,witnessing girlfriend murder man risks everything including reality discover truth
tt32986426,In the Realm of Ripley,"In 2080, researchers commercialise the 'Mind Upload' memory system. Detective Park (Jang Hyuk) uses the system to investigate an unsolved murder case, delving into the memories of a brain-dead boy from 2009 who was the sole witness.",2024,202450m,8.2,10,,researchers commercialise mind upload memory system detective park jang hyuk uses system investigate unsolved murder case delving memories brain dead boy sole witness
tt18300732,Duchess,"Follows a tough, working-class, petty criminal who morphs into an anti-heroine to be reckoned with in a murky underworld, in the treacherous world of diamond smuggling.",2024,20241h 54m,4.6,2.1K,,follows tough working class petty criminal morphs anti heroine reckoned murky underworld treacherous world diamond smuggling
tt28696532,A Dog's Will 2,"After 20 years missing, João Grilo returns to Taperoá to join his old friend Chicó and, after his story of resurrection spreads, he is disputed as an electoral candidate by the two most powerful politicians in the city.",2024,20241h 44m,6.1,3.8K,,years missing grilo returns tapero join old friend chic story resurrection spreads disputed electoral candidate two powerful politicians city
tt24855120,Johnny Puff: Secret Mission,Follows Johnny Puff and his friends as they embark on a secret mission to save Taigasville from the evil plans of Otto von Walrus.,2024,20241h 27m,4.6,550,,follows johnny puff friends embark secret mission save taigasville evil plans otto von walrus
tt27682129,Prey,A young couple is compelled to leave their Christian missionary station in the Kalahari Desert after being threatened with death by an extremist militant gang. After crashing their aircraft they must battle man and beast for their lives.,2024,20241h 26m,3.7,4.1K,,young couple compelled leave christian missionary station kalahari desert threatened death extremist militant gang crashing aircraft must battle man beast lives
tt14764464,Code 8: Part II,Follows a girl fighting to get justice for her brother who was slain by corrupt police officers. She enlists the help of an ex-con and his former partner to face off against a highly regarded and well-protected police sergeant.,2024,20241h 40m,5.8,17K,,follows girl fighting get justice brother slain corrupt police officers enlists help con former partner face highly regarded well protected police sergeant
tt30294282,Porcelain War,"Under roaring fighter jets, Ukrainian artists Slava, Anya, and Andrey choose to stay behind. Defiantly finding beauty amid destruction, they show that although it's easy to make people afraid, it's hard to destroy their passion for living.",2024,20241h 27m,7.1,1.5K,,roaring fighter jets ukrainian artists slava anya andrey choose stay behind defiantly finding beauty amid destruction show although easy make people afraid hard destroy passion living
tt31257225,Given the Movie: Hiiragi Mix,Hiiragi Mix takes place after the events of the Eiga Given and is mainly focused on the relationship between Mafuyu's childhood friends Hiiragi Kashima and Shizusumi Yagi.,2024,20241h 10m,7.8,531,,hiiragi mix takes place events eiga given mainly focused relationship mafuyu childhood friends hiiragi kashima shizusumi yagi
tt7709174,Dying Briefly,"Sebastián joins a prestigious dance company and begins a torrid romance with Arsenio, an attractive dancer. New choreographer Mikael's arrival complicates things, sparking a brutal competition.",2024,20241h 18m,5.4,100,,sebasti joins prestigious dance company begins torrid romance arsenio attractive dancer new choreographer mikael arrival complicates things sparking brutal competition
tt31540621,Johatsu: Into Thin Air,"Disillusioned individuals in Japan vanish to start anew, aided by firms providing new identities. It delves into the turmoil of those who disappear and the loved ones grappling with their absence, exploring reconciliation attempts.",2024,20241h 26m,6.3,417,,disillusioned individuals japan vanish start anew aided firms providing new identities delves turmoil disappear loved ones grappling absence exploring reconciliation attempts
tt31332352,Carnival Is Over,"Regina and Valério are a happy couple seeking a way out of their criminal family business, but their efforts only push them deeper into the pit they hoped to escape.",2024,20242h 3m,7.1,518,,regina val rio happy couple seeking way criminal family business efforts push deeper pit hoped escape
tt31704401,Hunt the Wicked,"A detective and criminal mastermind clash in a dark city's underworld. Police and criminals converge as secrets unfold, leading to deadly confrontations. Both sides face crucial choices in the battle between law and crime.",2024,20241h 42m,5.4,316,,detective criminal mastermind clash dark city underworld police criminals converge secrets unfold leading deadly confrontations sides face crucial choices battle law crime
tt27110516,One More Shot,"Following the attack on the black site in Poland, Navy SEAL Jake Harris is ordered to escort terrorist suspect Amin Mansur to Washington D.C for interrogation.",2024,20241h 43m,5.4,4.5K,,following attack black site poland navy seal jake harris ordered escort terrorist suspect amin mansur washington interrogation
tt9357860,The Hopeful,"After the War of 1812, William Miller sets off on a quest for meaning that unravels a profound truth with the power to transform everything. His revelation sparks a fire in Ellen Harmon, who braves fierce resistance to champion the cause.",2024,20241h 30m,5.7,116,,war william miller sets quest meaning unravels profound truth power transform everything revelation sparks fire ellen harmon braves fierce resistance champion cause
tt28075881,Do Patti,Twin sisters harbouring deep secrets and a determined police inspector seeking to uncover the truth in an attempted murder case.,2024,20242h 6m,6.3,71K,,twin sisters harbouring deep secrets determined police inspector seeking uncover truth attempted murder case
tt14827150,The Last Breath,A group of old college friends reunite on a Caribbean scuba diving trip exploring the wreckage of a WWII battleship and find themselves trapped inside the underwater labyrinth of rusted metal surrounded by great white sharks.,2024,20241h 36m,4.8,3.3K,,group old college friends reunite caribbean scuba diving trip exploring wreckage wwii battleship find trapped inside underwater labyrinth rusted metal surrounded great white sharks
tt30648377,Uma Musume: Pretty Derby - Beginning of a New Era,"Uma Musume - they were born to run. Born with names from other worlds, sometimes with strange, sometimes with glorious histories, they inherit the souls of these names and run. Aiming only at the goal beyond our eyes.",2024,20241h 47m,7.7,1K,,uma musume born run born names worlds sometimes strange sometimes glorious histories inherit souls names run aiming goal beyond eyes
tt31576204,The Contract,"Following up on a murder investigation, failed journalist Giuseppe falls into the trap of the devil.",2024,20241h 45m,6.5,120,,following murder investigation failed journalist giuseppe falls trap devil
tt30225465,Why Do You?,"Love comes without asking. Often not to those, not so and not then. Can a genuine feeling survive when everything started wrong and the whole world is against it? Give up everything or give up? Burn or survive?",2024,20241h 43m,5.3,638,,love comes without asking often genuine feeling survive everything started wrong whole world give everything give burn survive
tt26745321,Armand,"Armand, a 6-year-old boy, is accused of crossing boundaries against his best friend at elementary school.",2024,20241h 58m,6.1,4.8K,,armand year old boy accused crossing boundaries best friend elementary school
tt30327762,Toxic,"Dreaming of an escape from the bleakness of their hometown, two teens form a unique bond at a local modeling school, where the promise of a better life pushes girls to violate their bodies in increasingly extreme ways.",2024,20241h 39m,6.7,2.2K,,dreaming escape bleakness hometown two teens form unique bond local modeling school promise better life pushes girls violate bodies increasingly extreme ways
tt6549510,Kill Em All 2,"Retired spy Phillip and his long-lost daughter, Vanessa, are living peacefully off the grid in Italy, when their whereabouts are discovered by Vlad, the vengeful brother of their previous target.",2024,20241h 28m,4.1,1.8K,,retired spy phillip long lost daughter vanessa living peacefully grid italy whereabouts discovered vlad vengeful brother previous target
tt27992214,Messy,"Follows the life of brutally self-aware, promiscuous, love addict Stella Fox, who moves to New York after a devastating breakup, and all her disappointing romantic dalliances over the course of a summer.",2024,20241h 30m,5.1,404,,follows life brutally self aware promiscuous love addict stella fox moves new york devastating breakup disappointing romantic dalliances course summer
tt32902368,Barda,"Barda is about the terrible events that happen to a group of friends who come together for a celebration in a bar. Also labeled as ""Türkiye's First +18 Realistic Film"".",2024,20241h 39m,4.6,1K,,barda terrible events happen group friends come together celebration bar also labeled rkiye first realistic film
tt23173980,Darkness of Man,"Interpol operative Russell Hatch witnesses the death of an informant when a seemingly routine raid goes wrong. Years later, he finds himself protecting the informant's son from a group of merciless gangs involved in an all-out turf war.",2024,20241h 49m,4.7,3.6K,,interpol operative russell hatch witnesses death informant seemingly routine raid goes wrong years later finds protecting informant son group merciless gangs involved turf war
tt32264942,First Taste,"Yuna, a woman engaged with her long time boyfriend, Nicco, starts to have second thoughts when she meets again her first love, Becca. Now she is torn between the man she loves and the woman she first loved.",2024,20241h 37m,4.0,381,,yuna woman engaged long time boyfriend nicco starts second thoughts meets first love becca torn man loves woman first loved
tt31064841,Piece by Piece,"A vibrant journey through the life of Pharrell Williams, told through the lens of Lego animation.",2024,20241h 33m,6.9,8K,,vibrant journey life pharrell williams told lens lego animation
tt20215396,Girl Haunts Boy,"Follows Bea, a teenager ghost who forms a special friendship with Cole, the new guy in town, whose house she has been inhabiting for over 100 years.",2024,20241h 40m,6.3,4.1K,,follows bea teenager ghost forms special friendship cole new guy town whose house inhabiting years
tt29708137,River of Blood,Four kayakers take the wrong river into a jungle inhabited by a tribe of merciless cannibals.,2024,20241h 26m,4.6,3.5K,,four kayakers take wrong river jungle inhabited tribe merciless cannibals
tt9471678,Ultraman: Rising,"Ken Sato is a superstar baseball player who returns to Japan to become the latest hero to carry the mantle of Ultraman. However, he is compelled to raise a newborn kaiju monster, the offspring of his greatest enemy, as his own child.",2024,20241h 57m,6.9,7.7K,,ken sato superstar baseball player returns japan become latest hero carry mantle ultraman however compelled raise newborn kaiju monster offspring greatest enemy child
tt15181064,Kakuda,"This horror-comedy film follows a town trapped in time by a curse and 3 of its inhabitants face a ghost that makes them question superstition, tradition and love.",2024,20241h 56m,5.3,6.5K,,horror comedy film follows town trapped time curse inhabitants face ghost makes question superstition tradition love
tt30810790,Hakki,"Hakki finds a historical artifact in his garden and discovers his hunger for power, putting both him and his family under extreme duress.",2024,20241h 35m,6.6,446,,hakki finds historical artifact garden discovers hunger power putting family extreme duress
tt28454007,Munkar,An oddity that caused unrest at an Islamic boarding school occurred since one of the female students returned.,2024,20241h 27m,5.3,716,,oddity caused unrest islamic boarding school occurred since one female students returned
tt27799825,Chosen Family,"Yoga teacher Ann is trying to find inner peace despite having a manic family, a miserable dating life, and an inability to say no that keeps her busy trying to fix everyone else's problems.",2024,20241h 28m,4.7,850,,yoga teacher ann trying find inner peace despite manic family miserable dating life inability say keeps busy trying fix everyone else problems
tt31510396,The Bloody Hundredth,It honors the heroes of the 100th Bomb Group.,2024,20241h 2m,7.5,3K,,honors heroes bomb group
tt10869778,Maidaan,"Inspired by the Indian national football team coach and manager Syed Abdul Rahim, who is regarded as the architect of Indian football.",2024,20243h 1m,7.9,24K,,inspired indian national football team coach manager syed abdul rahim regarded architect indian football
tt28566478,Lover,"Arun and Divya's six-year relationship starts unraveling as they drift apart, raising the question of whether love can withstand such differences.",2024,20242h 25m,7.1,3.6K,,arun divya six year relationship starts unraveling drift apart raising question whether love withstand differences
tt26936666,Vettaiyan,Ruthless criminal activity is met with force from a maverick police officer with a disregard for the rules as he confronts an outbreak of lawlessness.,2024,20242h 43m,6.8,41K,,ruthless criminal activity met force maverick police officer disregard rules confronts outbreak lawlessness
tt32677038,Top 1,"Azi and Dex are both vying to be their batch valedictorian but Dex is always behind Azi. He then plans to make her fall in love to be a distraction, but his plan is a double-edged sword.",2024,20241h 38m,4.9,330,,azi dex vying batch valedictorian dex always behind azi plans make fall love distraction plan double edged sword
tt31078761,Drawing Closer,"With only a year left to live, 17-year-old Akito finds new meaning in life by bringing joy to a terminally ill girl who has just six months remaining.",2024,20241h 58m,7.7,4K,,year left live year old akito finds new meaning life bringing joy terminally ill girl six months remaining
tt26768685,Rabb Da Radio 3,"A village of 22 families living in harmony faces upheaval when a highway project inflates land values. Greed ignites conflict among relatives, fracturing once-strong bonds. Amid the chaos, one man refuses to compromise his principles.",2024,20241h 59m,7.2,1.8K,,village families living harmony faces upheaval highway project inflates land values greed ignites conflict among relatives fracturing strong bonds amid chaos one man refuses compromise principles
tt33481094,The Menendez Brothers,"In 1996, the Menendez brothers faced trial for killing their parents, a case that captivated America. Years later, they share their side through interviews with those involved, offering a fresh take on the events.",2024,20241h 59m,7.0,12K,,menendez brothers faced trial killing parents case captivated america years later share side interviews involved offering fresh take events
tt11531182,A.R.M,"Set in the Northern Kerala in 1900, 1950 and 1990, three generations of heroes, Maniyan, Kunjikelu and Ajayan, try to protect the most important treasure of the land.",2024,20242h 30m,7.0,10K,,set northern kerala three generations heroes maniyan kunjikelu ajayan try protect important treasure land
tt32352172,A Sudden Case of Christmas,"An American couple takes their 10-year-old daughter to her grandfather's hotel in Italy to tell her that they are separating. Hoping to bring them back together, she asks to celebrate one last Christmas together, although it's August.",2024,20241h 31m,5.1,1.6K,,american couple takes year old daughter grandfather hotel italy tell separating hoping bring back together asks celebrate one last christmas together although august
tt28547657,The Girl in the Pool,A well-to-do family man is forced to struggle through a surprise birthday party moments after hiding the murdered corpse of his mistress.,2024,20241h 29m,4.3,2K,,well family man forced struggle surprise birthday party moments hiding murdered corpse mistress
tt31021897,Tami's Fantasy,"A-Lister Azi Acosta approaches the sexier side of cosplaying. Tami, with the help of her fubu photographer, Ken, sells sexy photos of herself.",2024,20241h 54m,5.0,230,,lister azi acosta approaches sexier side cosplaying tami help fubu photographer ken sells sexy photos
tt14603848,Overlord: The Sacred Kingdom,"Momonga, now known as the Sorcerer King Ains Ooal Gown, rallies the Sorcerer Kingdom and its undead army to join the fight alongside the Sacred Kingdom and the Slane Theocracy in hopes to defeat the Demon Emperor Jaldabaoth.",2024,20242h 15m,6.9,2.3K,,momonga known sorcerer king ains ooal gown rallies sorcerer kingdom undead army join fight alongside sacred kingdom slane theocracy hopes defeat demon emperor jaldabaoth
tt31565654,Honeymoonish,A newly married couple realize on their honeymoon that they really are completely different. But do opposites attract?,2024,20241h 40m,5.3,1.8K,,newly married couple realize honeymoon really completely different opposites attract
tt23146644,Latency,"When Hana, a professional gamer who suffers from acute agoraphobia, receives new equipment that enhances her game, she begins to wonder if it is reading her mind - or controlling it.",2024,20241h 34m,4.2,3.3K,,hana professional gamer suffers acute agoraphobia receives new equipment enhances game begins wonder reading mind controlling
tt28074691,Eagle,A journalist uncovers the story of a ruthless assassin when she investigates a government cover up.,2024,20242h 39m,5.9,5.2K,,journalist uncovers story ruthless assassin investigates government cover
tt29120447,Tina,"A woman, grieving her daughter's death in the Christchurch quakes, becomes a substitute teacher at an elite school. Unexpectedly, she discovers students lacking guidance and care, prompting her to provide inspiration and support.",2024,20242h 4m,7.8,1.5K,,woman grieving daughter death christchurch quakes becomes substitute teacher elite school unexpectedly discovers students lacking guidance care prompting provide inspiration support
tt21434318,The Underdoggs,"Jaycen ""Two Js"" Jennings is a washed-up ex-professional football star who has hit rock bottom. When Jaycen is sentenced to community service coaching an unruly pee-wee football team, he sees it as an opportunity to turn his life around.",2024,20241h 36m,5.6,5K,,jaycen two jennings washed professional football star hit rock bottom jaycen sentenced community service coaching unruly pee wee football team sees opportunity turn life around
tt18950566,Bull Run,"In the wilds of Wall Street, one junior banker discovers that the only thing more dangerous than billion-dollar deals are the men signing them.",2024,20241h 37m,4.1,356,,wilds wall street one junior banker discovers thing dangerous billion dollar deals men signing
tt5923662,Mom,"Struggling with postnatal depression and feeling misunderstood by her husband, Meredith begins to experience terrifying visions foreshadowing an ultimate tragedy.",2024,20241h 35m,4.6,643,,struggling postnatal depression feeling misunderstood husband meredith begins experience terrifying visions foreshadowing ultimate tragedy
tt21913192,12 to Midnight,"A detective, despondent after the murder of his wife and forced to resign, is brought back to the force when a serial killer appears to be taunting him and turns out to be superhuman.",2024,20241h 36m,3.7,378,,detective despondent murder wife forced resign brought back force serial killer appears taunting turns superhuman
tt31830638,Cheaters,"Two strangers meet and have strong sexual connection with each other, only to find out that they're both in relationship with others. How can they sustain a relationship that started with sex and cheating?",2024,202452m,4.2,239,,two strangers meet strong sexual connection find relationship others sustain relationship started sex cheating
tt27011374,Dream Story,"High-society couple's marriage is tested when the husband discovers a secret erotic society and attends a masked ball, ignoring warnings of potential consequences, after his wife admits having fantasies about another man.",2024,20241h 49m,5.1,431,,high society couple marriage tested husband discovers secret erotic society attends masked ball ignoring warnings potential consequences wife admits fantasies another man
tt31254554,Wonderland,"In 'Wonderland', people can use an A.I. program to communicate with virtual versions of their comatose or lost loved ones.",2024,20241h 53m,6.2,3.2K,,wonderland people use program communicate virtual versions comatose lost loved ones
tt27723550,Nobody Wants to Shoot a Woman,A mother embraces a violent crime spree as a means to survive.,2024,20241h 34m,4.7,144,,mother embraces violent crime spree means survive
tt32635624,Micro Budget,"Follows an aspiring director who recklessly moves himself and his nine-months-pregnant actress wife from Iowa to LA to shoot a low-budget indie movie and sell it to a streamer for a ""f***-ton of money.""",2024,20241h 28m,6.1,198,,follows aspiring director recklessly moves nine months pregnant actress wife iowa shoot low budget indie movie sell streamer ton money
tt23790740,Srikanth,"Blind Srikanth gets into MIT, founds Bollant Industries. Pursues goals for visually impaired while facing entrepreneurial challenges, navigating personal sacrifices. Highlights obstacles overcome by the blind in academics and business.",2024,20242h 14m,7.4,15K,,blind srikanth gets mit founds bollant industries pursues goals visually impaired facing entrepreneurial challenges navigating personal sacrifices highlights obstacles overcome blind academics business
tt27165670,Sugar Baby,"An enterprising Sugar Baby is offered $30,000 to move in with her Sugar Daddy for the week, but soon discovers the sinister secrets trapped within his home.",2024,20241h 28m,3.9,685,,enterprising sugar baby offered move sugar daddy week soon discovers sinister secrets trapped within home
tt8839576,Bau: Artist at War,"The inspiring love story of Joseph Bau, artist, forger, holocaust survivor. Using his artistic skills, humor and hope in the camps, Joseph stays alive and helps hundreds to escape. Miraculously, he finds love in the midst of despair.",2024,20242h 10m,5.4,455,,inspiring love story joseph bau artist forger holocaust survivor using artistic skills humor hope camps joseph stays alive helps hundreds escape miraculously finds love midst despair
tt10338118,Lady Parts,"Amid family drama and dysfunction, a woman who carries a BRCA gene mutation must decide whether or not to remove her breasts and ovaries to reduce her cancer risk.",2024,20241h 19m,8.1,84,,amid family drama dysfunction woman carries brca gene mutation must decide whether remove breasts ovaries reduce cancer risk
tt23063732,Saving Bikini Bottom: The Sandy Cheeks Movie,"When Bikini Bottom is scooped from the ocean, scientific squirrel Sandy Cheeks and her pal SpongeBob SquarePants saddle up for Texas to save their town.",2024,20241h 22m,3.6,4.8K,,bikini bottom scooped ocean scientific squirrel sandy cheeks pal spongebob squarepants saddle texas save town
tt32164798,Kulong,"Three celibate friends seclude themselves at a resort to pen a steamy script for a competition, but struggle to write convincingly about intimacy they haven't experienced.",2024,202450m,4.2,188,,three celibate friends seclude resort pen steamy script competition struggle write convincingly intimacy haven experienced
tt7340766,Timestalker,The hapless heroine Agnes is reincarnated every time she makes the same mistake: falling in love with the wrong man.,2024,20241h 29m,5.5,3.7K,,hapless heroine agnes reincarnated every time makes mistake falling love wrong man
tt27717667,Pedro Páramo,"Follows a dusty road to a town of death. Time shifts from one consciousness to another in a hypnotic flow of dreams, desires and memories, a world of ghosts dominated by the figure of Pedro Páramo, lover, overlord, murderer.",2024,20242h 10m,6.3,3.7K,,follows dusty road town death time shifts one consciousness another hypnotic flow dreams desires memories world ghosts dominated figure pedro ramo lover overlord murderer
tt28608358,Motel Destino,"Under the burning sky on a roadside on the coast of Ceará, Motel Destino is the scene of dangerous games of desire, power and violence. One night, the arrival of young Heraldo definitively transforms the daily life of the place.",2024,20241h 55m,6.5,2.9K,,burning sky roadside coast cear motel destino scene dangerous games desire power violence one night arrival young heraldo definitively transforms daily life place
tt32150119,The Thinking Game,"Chronicles visionary scientist Demis Hassabis' relentless pursuit to crack artificial general intelligence, a journey of extraordinary perseverance.",2024,20241h 24m,7.6,1.9K,,chronicles visionary scientist demis hassabis relentless pursuit crack artificial general intelligence journey extraordinary perseverance
tt33304396,1978,"During the World Cup final between Argentina and Holland, in times of military dictatorship, a group of torturers kidnap a group of young people. What begins as an inhumane interrogation turns into hell: the wrong group has been kidnapped.",2024,20241h 20m,4.8,1.4K,,world cup final argentina holland times military dictatorship group torturers kidnap group young people begins inhumane interrogation turns hell wrong group kidnapped
tt26749648,Another End,"Two people who have loved each other, and continue to love each other, even after one of them dies.",2024,20241h 59m,6.3,1.3K,,two people loved continue love even one dies
tt15207270,Queen of Bones,"In 1931 Oregon, twins Lily and Sam defy their father's silence to uncover the dark supernatural ties behind their mother's death on their isolated homestead.",2024,20241h 30m,4.8,1.2K,,oregon twins lily sam defy father silence uncover dark supernatural ties behind mother death isolated homestead
tt29424168,Inside,"Transferred from juvenile to adult prison, Mel is taken under the wing of both Shepard, Australia's most despised criminal, and Warren, a soon-to-be-paroled inmate. The paternal triangle that forms between them becomes their undoing.",2024,20241h 44m,6.4,1.4K,,transferred juvenile adult prison mel taken wing shepard australia despised criminal warren soon paroled inmate paternal triangle forms becomes undoing
tt23630030,Harbin,Follows Korean independence activists who launched a daring attack in Harbin against the Japanese to gain their country's independence.,2024,20241h 48m,6.3,1.9K,,follows korean independence activists launched daring attack harbin japanese gain country independence
tt33030403,The Ties That Bind Us,"Exploring the challenges of modern family structures, the film follows a single father, a feminist librarian and a child seeking a place to belong as they navigate love and desires. It questions what it means to be a family.",2024,20241h 46m,7.2,2.3K,,exploring challenges modern family structures film follows single father feminist librarian child seeking place belong navigate love desires questions means family
tt27028399,Murder Mubarak,"During a murder investigation, a non-traditional police officer turns a spotlight on an array of suspects. He steps into their world as an outsider, only to find there is so much more than what meets the eye.",2024,20242h 20m,5.8,52K,,murder investigation non traditional police officer turns spotlight array suspects steps world outsider find much meets eye
tt26669836,Kangaroo Island,"A struggling Hollywood actress returns home to Kangaroo Island, confronting the love triangle that tore her family apart.",2024,20241h 53m,6.5,674,,struggling hollywood actress returns home kangaroo island confronting love triangle tore family apart
tt3211478,Fortune Cookies,"So, you're a talented young actor. It's the eve of your theatrical debut. Would you turn down your big break to help save the family business? And appear with them on their favorite TV game show? Fortune Cookies is the debut feature film from Writer/Director Brenda Lee. Shot in Northampton, UK, by Screen Northants.",2024,20241h 36m,8.9,19,,talented young actor eve theatrical debut turn big break help save family business appear favorite game show fortune cookies debut feature film writer director brenda lee shot northampton screen northants
tt22306090,The Red,"Obsessed with living up to her dead father's legacy, a young sheriff finds her mettle tested when locals are found ripped to shreds.",2024,20241h 23m,4.2,1.4K,,obsessed living dead father legacy young sheriff finds mettle tested locals found ripped shreds
tt38282067,Graduate with First Class,"Amit navigates love amidst Maya's influence and Niharika's genuine affection, facing choices that shape his fate, unraveling a tale of redemption and tragedy.",2024,20242h 1m,7.4,31,,amit navigates love amidst maya influence niharika genuine affection facing choices shape fate unraveling tale redemption tragedy
tt31592660,Sumala,"Sumala, a name that is feared by people in a village in Semarang Regency from the past until now. No one dares to go out when night falls because Sumala will come to kill.",2024,20241h 52m,5.8,1.8K,,sumala name feared people village semarang regency past one dares night falls sumala come kill
tt12631486,Half Baked: Totally High,Three potheads sell a strain of magical weed to raise funds for their friend's funeral.,2024,20241h 37m,4.6,437,,three potheads sell strain magical weed raise funds friend funeral
tt30972810,Eye for an Eye 2,"A blind swordsman reluctantly mentors an orphan seeking vengeance for his destroyed family, teaching him martial arts skills. The orphan waits for an opportunity to avenge his kin.",2024,20241h 30m,6.6,847,,blind swordsman reluctantly mentors orphan seeking vengeance destroyed family teaching martial arts skills orphan waits opportunity avenge kin
tt28802436,My Fathers' Daughter,"Set in Norway's northern reaches, the story centers on Elvira, a Sami teen. Convinced her mother conceived at a Danish clinic, her life shifts when her true father emerges, forever altering her world.",2024,20241h 18m,6.1,119,,set norway northern reaches story centers elvira sami teen convinced mother conceived danish clinic life shifts true father emerges forever altering world
tt9271850,The Inheritance,"A billionaire on the eve of his 75th birthday, invites his estranged children back home out of fear that tonight someone or something is going to kill him. He puts each of their inheritances on the line, to make sure they'll help.",2024,20241h 25m,4.7,3.6K,,billionaire eve birthday invites estranged children back home fear tonight someone something going kill puts inheritances line make sure help
tt22827888,Boot Camp,"Follows unathletic Whitney Carmichael, who signs up for an intense summer boot camp to reinvent herself and falls for her personal trainer. She then finds the strength to embrace her true self and ignore the others' expectations.",2024,20241h 34m,5.7,1.7K,,follows unathletic whitney carmichael signs intense summer boot camp reinvent falls personal trainer finds strength embrace true self ignore others expectations
tt32175399,Pilot,"A story about a pilot who suddenly loses his job, then unexpectedly gets rehired with a new identity.",2024,20241h 50m,6.2,1.3K,,story pilot suddenly loses job unexpectedly gets rehired new identity
tt21308718,Ashes,"A wealthy, married woman falling in love with a mysterious carpenter, which will lead to many conflicts.",2024,20241h 40m,4.3,2.9K,,wealthy married woman falling love mysterious carpenter lead many conflicts
tt32881480,A Brother and 7 Siblings,"After the untimely death of his older siblings, a struggling young architect suddenly becomes a ""single-parent"" for his nephews. When opportunity for a better life arises, he must choose between his love life, career, or his nephews.",2024,20242h 9m,8.1,2.7K,,untimely death older siblings struggling young architect suddenly becomes single parent nephews opportunity better life arises must choose love life career nephews
tt5375346,Oak,"A group of teenagers touch a cursed tree in their neighborhood which they thought was only a legend, turns out the curse and what comes after you is very real.",2024,,3.7,124,,group teenagers touch cursed tree neighborhood thought legend turns curse comes real
tt18346498,Architecton,"An extraordinary journey through the material that makes up our habitat: concrete and its ancestor, stone.",2024,20241h 38m,6.4,993,,extraordinary journey material makes habitat concrete ancestor stone
tt19391518,Four Mothers,A writer about to publish his new novel is forced to take care of three eccentric older women - and his own mother - over the course of one chaotic weekend in Dublin.,2024,20241h 29m,6.7,1.1K,,writer publish new novel forced take care three eccentric older women mother course one chaotic weekend dublin
tt28226888,Vulcanizadora,"Two friends take a trip through a Michigan forest, intent on carrying out a disturbing pact.",2024,20241h 25m,6.2,969,,two friends take trip michigan forest intent carrying disturbing pact
tt16740144,Autumn and the Black Jaguar,"After years in New York City, 14-year-old Autumn returns to the Amazon rainforest to save her childhood village and beloved jaguar friend.",2024,20241h 40m,5.7,1.4K,,years new york city year old autumn returns amazon rainforest save childhood village beloved jaguar friend
tt29383379,Marco,"The adoptive son of the Adattu family, Marco, sets off on a ruthless quest for vengeance after his brother is brutally murdered, finding only betrayal, loss and unimaginable brutality at every step.",2024,20242h 25m,6.5,26K,,adoptive son adattu family marco sets ruthless quest vengeance brother brutally murdered finding betrayal loss unimaginable brutality every step
tt27751957,The 47,"Inspired on the true story of Manolo Vital, a bus driver who helped create the modern Barcelona during the 1970s city's boom.",2024,20241h 50m,7.2,5.3K,,inspired true story manolo vital bus driver helped create modern barcelona city boom
tt22899346,In Fidelity,"Lyle and Holly, a happily married New York couple decide to test the romantic boundaries of their monogamous relationship. Soon, a hypothetical love triangle with their rock star neighbor becomes a reality they must now navigate.",2024,20241h 28m,5.0,47,,lyle holly happily married new york couple decide test romantic boundaries monogamous relationship soon hypothetical love triangle rock star neighbor becomes reality must navigate
tt29380825,Wallbanger,"Caroline, a single interior designer, moves into what seems like the perfect apartment only to be awakened nightly by her neighbor, the 'wallbanger,' sparking an unexpected, tension-filled connection.",2024,20241h 58m,5.7,982,,caroline single interior designer moves seems like perfect apartment awakened nightly neighbor wallbanger sparking unexpected tension filled connection
tt32103099,The Lonely Ones,"When a young couple wake up one morning to discover the world outside their apartment has vanished, they must figure out a way to survive. But are they as alone as they think?",2024,20241h 36m,3.9,74,,young couple wake one morning discover world outside apartment vanished must figure way survive alone think
tt30833365,Whatever It Takes: Inside the eBay Scandal,"In 2019, a middle-aged couple are subjected to cyberstalking and bizarre deliveries. As the harassment intensifies, the police and FBI close in on a Silicon Valley giant and some very unlikely suspects.",2024,20241h 33m,7.0,215,,middle aged couple subjected cyberstalking bizarre deliveries harassment intensifies police fbi close silicon valley giant unlikely suspects
tt27620861,Hisaab Barabar,"Radhe Mohan, an honest TC working for Indian Railways, sets out to uncover a massive financial fraud by banker Mickey Mehta. As Mickey puts the entire system against Radhe, what lies next for him?",2024,20241h 52m,5.8,2.2K,,radhe mohan honest working indian railways sets uncover massive financial fraud banker mickey mehta mickey puts entire system radhe lies next
tt32903867,Traumatika,Mikey's night terrors become reality when his mother begins showing signs of demonic possession. What he's about to experience will haunt him for the rest of his life and claim countless lives across generations.,2024,20241h 22m,5.2,2.3K,,mikey night terrors become reality mother begins showing signs demonic possession experience haunt rest life claim countless lives across generations
tt27078378,Black Creek,"A sheriff's sister seeks revenge against the terrifying leader of a group of outlaws after discovering he brutally murdered her brother, his wife, and other family members in a gritty southwestern town.",2024,20241h 56m,4.3,532,,sheriff sister seeks revenge terrifying leader group outlaws discovering brutally murdered brother wife family members gritty southwestern town
tt10080130,The Lockdown,"Siblings Charlie and Jack are trapped in Myanmar's toughest prison and accused of a crime they didn't commit. Forced into televised fights against other inmates, they must work together and fight for their freedom.",2024,20241h 57m,4.4,700,,siblings charlie jack trapped myanmar toughest prison accused crime didn commit forced televised fights inmates must work together fight freedom
tt8066940,Indian 2,"Senapathy, an ex-freedom fighter turned vigilante who fights against corruption. Senapathy returns to the country to aid a young man who has been exposing corrupt politicians in the country through videos on the internet.",2024,20242h 45m,3.8,17K,,senapathy freedom fighter turned vigilante fights corruption senapathy returns country aid young man exposing corrupt politicians country videos internet
tt33502248,A Bronx Tale: One Man Show,"One man lives in the neighborhood, another man owns it. A devoted father battles the local crime boss for the love of his son",2024,20241h 35m,8.2,98,,one man lives neighborhood another man owns devoted father battles local crime boss love son
tt27158093,Arthur's Whisky,Three elderly ladies drink an elixir that makes them young again and soon discover that youth isn't all it's cracked up to be.,2024,20241h 34m,4.9,1.4K,,three elderly ladies drink elixir makes young soon discover youth isn cracked
tt31457736,Kingdom 4: Return of the Great General,"While Qin continues to fight for the unification of the region, its neighboring country invades Qin from the north.",2024,20242h 25m,7.2,1.8K,,qin continues fight unification region neighboring country invades qin north
tt23475174,Sarfira,"A man fights to make his dream of creating a low cost airline a reality, facing opposition from devious competitive airline owners who threaten his business and his passengers' safety.",2024,20242h 35m,6.9,14K,,man fights make dream creating low cost airline reality facing opposition devious competitive airline owners threaten business passengers safety
tt28015371,Calamity Jane,"After her husband-to-be Wild Bill Hickok is killed in an infamous poker game, Calamity Jane must break out of prison and find his murderers before Deadwood's Sheriff can arrest her.",2024,20241h 35m,4.4,860,,husband wild bill hickok killed infamous poker game calamity jane must break prison find murderers deadwood sheriff arrest
tt31038701,Super Vixens 7,"Ancient God empowers Skeletor against She-Ra. Starlet battles Viper, Cobra while weakened by Krystinite. Vindicator tricks Supergirl, steals powers, humiliates her publicly. Dark forces overpower heroines through trickery and subjugation.",2024,20241h 7m,7.8,17,,ancient god empowers skeletor starlet battles viper cobra weakened krystinite vindicator tricks supergirl steals powers humiliates publicly dark forces overpower heroines trickery subjugation
tt28336131,Elyas,A former Special Forces soldier who has become solitary and paranoid since serving Afghanistan and recruited to provide the security for Amina and her daughter Nour.,2024,20241h 45m,6.1,2.2K,,former special forces soldier become solitary paranoid since serving afghanistan recruited provide security amina daughter nour
tt29262075,Monster Island,"Set in the Pacific, 1942. A Japanese soldier and a British prisoner of war are stranded on a deserted island, hunted by a deadly creature. Two mortal enemies must come together to survive the unknown.",2024,20241h 23m,5.2,2.4K,,set pacific japanese soldier british prisoner war stranded deserted island hunted deadly creature two mortal enemies must come together survive unknown
tt5834410,The Tiger's Apprentice,"Tom Lee, a Chinese-American boy, after the death of his grandmother, has to be apprenticed to the talking tiger Mr. Hu and learn ancient magic to become the new guardian of an ancient phoenix.",2024,20241h 24m,5.8,2.5K,,tom lee chinese american boy death grandmother apprenticed talking tiger learn ancient magic become new guardian ancient phoenix
tt13176330,Hitpig!,A bounty hunter pig finds himself trekking the globe with a free-spirited elephant he intended to capture.,2024,20241h 26m,5.2,1.5K,,bounty hunter pig finds trekking globe free spirited elephant intended capture
tt28355490,The Art of Love,"After learning that the art thief she has been chasing is her ex-lover, an officer working for Interpol concocts a plan to catch him red-handed.",2024,20241h 39m,4.6,2.7K,,learning art thief chasing lover officer working interpol concocts plan catch red handed
tt27170114,Paying for It,"When an introverted cartoonist's girlfriend wants to redefine their relationship, he begins sleeping with sex workers and discovers a new kind of intimacy in the process. An adaptation of the Graphic Novel by Chester Brown.",2024,20241h 25m,6.2,518,,introverted cartoonist girlfriend wants redefine relationship begins sleeping sex workers discovers new kind intimacy process adaptation graphic novel chester brown
tt30835128,Spermworld,Three men enter the new wild west of baby making - online forums where sperm donors connect with hopeful parents - but find themselves exchanging more than just genetic material.,2024,20241h 24m,7.0,1.4K,,three men enter new wild west baby making online forums sperm donors connect hopeful parents find exchanging genetic material
tt29793197,A House on Fire,"Montse, divorced and with two children who have long since ignored her, has been preparing for a family reunion at her home on the Costa Brava. Nothing, absolutely nothing, will prevent her from enjoying one last weekend with her family.",2024,20241h 45m,7.2,4.3K,,montse divorced two children long since ignored preparing family reunion home costa brava nothing absolutely nothing prevent enjoying one last weekend family
tt18556278,Endurance,"Maritime Heritage Trust locates Shackleton's shipwrecked Endurance near Antarctica in 1915. Shackleton and 27 crew survive incredible journey to South Georgia to seek rescue after ship sinks, showcasing human resilience against all odds.",2024,20241h 43m,7.5,2.2K,,maritime heritage trust locates shackleton shipwrecked endurance near antarctica shackleton crew survive incredible journey south georgia seek rescue ship sinks showcasing human resilience odds
tt18469390,Laws of Man,"At the dawn of the Cold War, two U.S. marshals pursue a wanted murderer in the deserts of Nevada.",2024,20241h 38m,4.6,1.7K,,dawn cold war two marshals pursue wanted murderer deserts nevada
tt30515931,Mission: Cross,"In the ultimate test of marriage, an agent-turned-househusband gets tangled in a perilous mission with his detective wife, who's clueless about his past.",2024,20241h 45m,6.1,3.1K,,ultimate test marriage agent turned househusband gets tangled perilous mission detective wife clueless past
tt30443437,Faith of Angels,A stranger receives mysterious callings compelling him to search for a boy lost in an abandoned mine.,2024,20241h 38m,6.2,515,,stranger receives mysterious callings compelling search boy lost abandoned mine
tt29141179,Moon,"A former martial artist hired to train three wealthy Jordanian sisters finds her ""dream job"" turning unsettling as the isolated young women are under constant surveillance and show no interest in the sport. Why was she really hired?",2024,20241h 32m,6.5,1.2K,,former martial artist hired train three wealthy jordanian sisters finds dream job turning unsettling isolated young women constant surveillance show interest sport really hired
tt9418306,Trucker,"A trucker's family is killed in a fiery crash caused by a group of reckless teens. Rescued from the wreckage and nursed back to health by a mysterious old man, the trucker exacts brutal revenge on the teens who destroyed his life.",2024,20241h 25m,4.1,117,,trucker family killed fiery crash caused group reckless teens rescued wreckage nursed back health mysterious old man trucker exacts brutal revenge teens destroyed life
tt33108207,In Waves and War,Highly decorated Navy SEAL Marcus Capone struggles with PTSD after returning from Afghanistan. His wife finds hope in psychedelic therapy. They embark on providing access to this treatment for other veterans battling mental health issues.,2024,20241h 47m,7.8,767,,highly decorated navy seal marcus capone struggles ptsd returning afghanistan wife finds hope psychedelic therapy embark providing access treatment veterans battling mental health issues
tt26660021,Aavesham,Three teenagers reach Bangalore for their engineering degree and gets involved in a fight with seniors. They find a local gangster named Ranga to help them take revenge.,2024,20242h 35m,7.8,34K,,three teenagers reach bangalore engineering degree gets involved fight seniors find local gangster named ranga help take revenge
tt32151957,Jhamkudi,"Raniwada, a village in Gujarat, is cursed by an evil witch named JHAMKUDI during Navratri celebrations. Real estate agent Bablo and royal family heir Kumud return to face the witch's wrath and save Raniwada.",2024,20242h 31m,6.2,1.2K,,raniwada village gujarat cursed evil witch named jhamkudi navratri celebrations real estate agent bablo royal family heir kumud return face witch wrath save raniwada
tt6975842,Bloody Axe Wound,"Abbie Bladecut's family business, a video store, has thrived by disposing of teenagers to mimic horror movies. As the first female slasher, she battles gender bias while realizing the harsh realities behind the mass murders.",2024,20241h 23m,5.0,1.6K,,abbie bladecut family business video store thrived disposing teenagers mimic horror movies first female slasher battles gender bias realizing harsh realities behind mass murders
tt10583416,The Ballad of Davy Crockett,"In 1815, an American Legend, whose wife has fallen deathly ill, leaving his young children to survive on their own, must fight his way back to them across the many perils found in the Savage Lands of the wild frontier.",2024,20241h 36m,4.5,339,,american legend whose wife fallen deathly ill leaving young children survive must fight way back across many perils found savage lands wild frontier
tt14755162,"Love, Courage and the Battle of Bushy Run","Colonel Henry Bouquet, with a ragtag group of British soldiers, Scottish Highlanders and American volunteers, was tasked with trying to save the hundreds of men, women and children facing certain death - or worse - in Fort Pitt.",2024,20241h 53m,5.2,251,,colonel henry bouquet ragtag group british soldiers scottish highlanders american volunteers tasked trying save hundreds men women children facing certain death worse fort pitt
tt30519830,Winter in Sokcho,"A young Korean girl's life takes an unexpected turn when a French artist visits her country, disrupting her routine.",2024,20241h 44m,6.8,1.7K,,young korean girl life takes unexpected turn french artist visits country disrupting routine
tt16826430,Night Call,"This night is like all the others for Mady, student by day, locksmith by night. But Claire, the enigmatic young girl he helps out that night, is not who she claims to be. Mady has only one night to prove his innocence in a city in turmoil.",2024,20241h 37m,6.7,3.8K,,night like others mady student day locksmith night claire enigmatic young girl helps night claims mady one night prove innocence city turmoil
tt27424190,Oye Bhole Oye,"Bhola's quest for work in the city leads him to Aveera, a rich woman drawn to his simple life. But their romance faces trouble when Bhola must save his village.",2024,20242h 18m,6.7,672,,bhola quest work city leads aveera rich woman drawn simple life romance faces trouble bhola must save village
tt26940959,Stealing Pulp Fiction,"It follows Jonathan, Elizabeth and Steve as they try to steal Quentin Tarantino's personal print of Pulp Fiction (1994).",2024,20241h 18m,4.8,246,,follows jonathan elizabeth steve try steal quentin tarantino personal print pulp fiction
tt18573650,The Blue Angels,Follows the veterans and newest class of Navy and Marine Corps flight squadron as they go through intense training and into a season of heart-stopping aerial artistry.,2024,20241h 33m,7.3,3.1K,,follows veterans newest class navy marine corps flight squadron intense training season heart stopping aerial artistry
tt17499100,Before We Forget,"An Argentinian filmmaker struggling to finish a movie about his unrequited first love receives an unexpected invitation to reconstruct his memories, revisit his past and perhaps even find a new ending to his story.",2024,20241h 48m,7.1,384,,argentinian filmmaker struggling finish movie unrequited first love receives unexpected invitation reconstruct memories revisit past perhaps even find new ending story
tt24443502,Body Language,"A woman who excels at reading body language realizes that something is deeply wrong during a quiet night at home, turning a peaceful night into a terrifying fight for her own survival.",2024,20241h 30m,6.5,60,,woman excels reading body language realizes something deeply wrong quiet night home turning peaceful night terrifying fight survival
tt28297850,Sicilian Letters,"A time during Cosa Nostra boss Matteo Messina Denaro's three decades as a fugitive from Italian justice, when he was at the peak of his nefarious powers.",2024,20242h 2m,6.0,1.3K,,time cosa nostra boss matteo messina denaro three decades fugitive italian justice peak nefarious powers
tt28023902,Jab Khuli Kitaab,"Gopal and Anusuya's decades-long marriage faces upheaval when a revelation surfaces. As secrets emerge, the family navigates emotions both touching and comedic, exploring love, companionship, forgiveness, and rediscovering one another.",2024,20241h 55m,6.6,8.2K,,gopal anusuya decades long marriage faces upheaval revelation surfaces secrets emerge family navigates emotions touching comedic exploring love companionship forgiveness rediscovering one another
tt34719774,The Texas Cheerleader Murder Plot,"In 1991, Wanda Holloway was arrested for trying to hire a hit man to kill her daughter Shanna's cheerleading rival so that Shanna could get a place on the team. Now, Shanna reveals the truth behind what happened for the first time.",2024,20241h 40m,4.9,345,,wanda holloway arrested trying hire hit man kill daughter shanna cheerleading rival shanna get place team shanna reveals truth behind happened first time
tt26574303,Nuked,"A group of friends gets together for a cannabis-infused, technology free, dinner party only to learn a bomb is headed right for them.",2024,20241h 26m,4.7,449,,group friends gets together cannabis infused technology free dinner party learn bomb headed right
tt31862997,À l'ancienne,"One island, 40 inhabitants, two scammers. On a picturesque island in Brittany, lifelong friends Jean-Jean (Didier Bourdon) and Henri (Gérard Darmon, Employee of the Month) find their quiet existence disrupted when one of their fellow villagers wins millions in the national lottery. The pair hatch a plan to befriend the lucky local and hopefully share in the winnings... only to find the winner has died of shock - ticket in hand! Jean-Jean and Henri must devise another scheme. In order to claim the prize, the friends will simply steal the unlucky winner's identity... However, the pair soon realise that to fool the lottery officials in such a small town, they'll have to convince the villagers - who all want a piece of the pie - to back their daring plan. Jean-Jean and Henri are out to prove that you're never too old to raise a little hell in this crowd-pleasing comedy, a remake of the Irish classic Waking Ned Devine. With a winning blend of absurdity and heart, you'll fall in love with the stunning sights of Brittany and its colourful characters. This charming story shows what a community can achieve when they come together (yes, even fraud).",2024,20241h 29m,4.7,423,,one island inhabitants two scammers picturesque island brittany lifelong friends jean jean didier bourdon henri rard darmon employee month find quiet existence disrupted one fellow villagers wins millions national lottery pair hatch plan befriend lucky local hopefully share winnings find winner died shock ticket hand jean jean henri must devise another scheme order claim prize friends simply steal unlucky winner identity however pair soon realise fool lottery officials small town convince villagers want piece pie back daring plan jean jean henri prove never old raise little hell crowd pleasing comedy remake irish classic waking ned devine winning blend absurdity heart fall love stunning sights brittany colourful characters charming story shows community achieve come together yes even fraud
tt30253514,Pavements,"Documentary about the American indie band Pavement, which combines scripts with documentary images of the band and a musical mise-en-scene composed of songs from their discography.",2024,20242h 8m,7.0,1.3K,,documentary american indie band pavement combines scripts documentary images band musical mise scene composed songs discography
tt32362515,The Paradise of Thorns,"Unmarried gay couple builds home, durian farm together. After one partner's accidental death, his family seizes assets due to lack of legal marriage recognition. Surviving partner fights to reclaim their shared property and life's work.",2024,20242h 11m,7.6,1.9K,,unmarried gay couple builds home durian farm together one partner accidental death family seizes assets due lack legal marriage recognition surviving partner fights reclaim shared property life work
tt28833698,Two to One,"After the fall of the Berlin Wall, a communist family discovers a bunker full of money soon to be worthless. With the help of their neighbors, they embark on a race against time to enter the capitalist world in style.",2024,20241h 56m,6.1,1.5K,,fall berlin wall communist family discovers bunker full money soon worthless help neighbors embark race time enter capitalist world style
tt31199966,The Holiday Club,Follows two friends growing relationship over the course of a year in holidays.,2024,20241h 28m,6.5,736,,follows two friends growing relationship course year holidays
tt31797432,The Last Redemption,"Epic quest pits fearless outlaw Diana and knight Tyrion against villainous Lord Roland for kingdom's survival. They unite to defeat Roland, save princess, and restore peace after uncovering truths about rebellion and kingdom's fate.",2024,20242h 1m,6.5,7.9K,,epic quest pits fearless outlaw diana knight tyrion villainous lord roland kingdom survival unite defeat roland save princess restore peace uncovering truths rebellion kingdom fate
tt27930683,Agni,"In a city plagued by a strange rise in fires, fireman Vithal and his policeman brother-in-law Samit reluctantly team up to solve the escalating crisis. Battling personal conflicts, they race against time to crack the case and save Mumbai.",2024,20242h 2m,7.1,15K,,city plagued strange rise fires fireman vithal policeman brother law samit reluctantly team solve escalating crisis battling personal conflicts race time crack case save mumbai
tt20258220,Angels Fallen: Warriors of Peace,"When an Iraq War veteran receives a calling from a higher power, he embarks on a mission to stop a fallen angel from raising an army of the dead to take over the world.",2024,20241h 43m,3.7,6.7K,,iraq war veteran receives calling higher power embarks mission stop fallen angel raising army dead take world
tt34253921,Fortune Feimster: Crushing It,"Feimster humorously recounts her marital experiences, personal growth, and the comedic aspects of daily life, offering a relatable and entertaining perspective.",2024,202458m,7.0,785,,feimster humorously recounts marital experiences personal growth comedic aspects daily life offering relatable entertaining perspective
tt14416430,Paradox Effect,"An ex junkie witnesses a murder. She is forced to cooperate with the killer to save her daughter's life. She must fight time, the police and criminal underworld to save the only person who means something to her.",2024,20241h 27m,5.9,12K,,junkie witnesses murder forced cooperate killer save daughter life must fight time police criminal underworld save person means something
tt31547337,The Epic of Gilgamesh,"Gilgamesh, king of Uruk, abuses power prompting gods to create Enkidu to subdue him. They befriend, kill Humbaba, fight Bull of Heaven. Enkidu dies, Gilgamesh seeks Utnapishim for immortality.",2024,20241h 19m,5.2,6,,gilgamesh king uruk abuses power prompting gods create enkidu subdue befriend kill humbaba fight bull heaven enkidu dies gilgamesh seeks utnapishim immortality
tt31110281,Havnaa,"Follows real-life happenings of Magne Havnaa, Norway's first cruiserweight boxing champion in 1990 by defeating American Richard Pultz. His brother Erling was a top-ranked kickboxer who later participated in Norway's largest robbery.",2024,20241h 50m,6.7,631,,follows real life happenings magne havnaa norway first cruiserweight boxing champion defeating american richard pultz brother erling top ranked kickboxer later participated norway largest robbery
tt15907380,I Love You Forever,A subversive romantic comedy gone wrong that follows a young woman into and out of an emotionally abusive relationship.,2024,20241h 29m,5.7,1.1K,,subversive romantic comedy gone wrong follows young woman emotionally abusive relationship
tt33338697,The Bibi Files,An inside look into the corruption charges against Israeli Prime Minister Benjamin Netanyahu through leaked police interrogation videos.,2024,20241h 55m,7.6,2.1K,,inside look corruption charges israeli prime minister benjamin netanyahu leaked police interrogation videos
tt33058713,Jailbreak: Love on the Run,"When Vicky White, a highly respected corrections officer, aids the escape of a violent felon nearly twenty years her junior, it reveals an unexpected love story amidst the ensuing high-profile manhunt and media frenzy.",2024,20241h 28m,6.4,4K,,vicky white highly respected corrections officer aids escape violent felon nearly twenty years junior reveals unexpected love story amidst ensuing high profile manhunt media frenzy
tt21326904,Robin and the Hoods,"For the tenacious 11-year-old Robin and her loyal band of friends 'The Hoods', the patch of overgrown scrubland at the end of their cul-de-sac is a magical kingdom.",2024,20241h 40m,4.3,665,,tenacious year old robin loyal band friends hoods patch overgrown scrubland end cul sac magical kingdom
tt21108608,The Christmas Letter,"Every year, unemployed copywriter Joe Michaels reads his wealthy friend's annual over-the-top Christmas letter, and feels like a loser. But this year's going to be different.",2024,20241h 34m,3.8,311,,every year unemployed copywriter joe michaels reads wealthy friend annual top christmas letter feels like loser year going different
tt12234316,The Private Eye,"The life of private eye, Mort Madison, is spiraling downward, when a beguiling, slightly familiar woman hires him for his most unusual case.",2024,20241h 55m,5.6,287,,life private eye mort madison spiraling downward beguiling slightly familiar woman hires unusual case
tt32229497,Face Off 7: One Wish,"When a 73-year-old widow is forced to depend on the care of her 5 busy adult children after an injury, she begins to question the meaning of family love.",2024,20242h 18m,7.2,415,,year old widow forced depend care busy adult children injury begins question meaning family love
tt31316096,Hack Your Health: The Secrets of Your Gut,An informative yet lighthearted documentary exploring the intricacies of the digestive system and its pivotal role in maintaining overall health and well-being.,2024,20241h 19m,6.6,3.8K,,informative yet lighthearted documentary exploring intricacies digestive system pivotal role maintaining overall health well
tt33298403,The Divine Sarah Bernhardt,"Sarah Bernhardt, dubbed ""La Divine,"" became the first global celebrity. The actress broke social conventions through her bold character and dramatic performances.",2024,20241h 38m,6.2,635,,sarah bernhardt dubbed divine became first global celebrity actress broke social conventions bold character dramatic performances
tt32119317,Block Pass,"Willy and Jojo are childhood friends who never leave each other's side. To beat boredom, they train at the Pampa, a motocross track. One evening, Willy discovers Jojo's secret.",2024,20241h 44m,6.8,1.1K,,willy jojo childhood friends never leave side beat boredom train pampa motocross track one evening willy discovers jojo secret
tt18277182,Girls Will Be Girls,"At a strict boarding school nestled in the Himalayan foothills, 18-year-old Mira first discovers desire and romance. However, her curious, rebellious, coming-of-age is disrupted by her young mother, who never got to come of age herself.",2024,20241h 58m,7.0,3.5K,,strict boarding school nestled himalayan foothills year old mira first discovers desire romance however curious rebellious coming age disrupted young mother never got come age
tt31852716,Apollo 13: Survival,"In April 1970, NASA faced the greatest crisis in its history; three astronauts halfway to the moon on a spacecraft that had suffered a catastrophic explosion.",2024,20241h 38m,7.4,3.1K,,april nasa faced greatest crisis history three astronauts halfway moon spacecraft suffered catastrophic explosion
tt32394528,Hell Hole,"Hell Hole hails from the filmmaking family behind Hellbender and centers on an American-led fracking crew that uncovers a living French soldier frozen in time from a Napoleonic campaign, whose body hosts a parasitic monster.",2024,20241h 32m,4.4,1.6K,,hell hole hails filmmaking family behind hellbender centers american led fracking crew uncovers living french soldier frozen time napoleonic campaign whose body hosts parasitic monster
tt32574149,Mononoke the Movie: The Phantom in the Rain,"A deadly and mysterious master of the occult travels across feudal Japan, seeking malevolent spirits called Mononoke to slay. He must uncover their Form, Truth, and Reason to wield the mighty Exorcism Sword against them.",2024,20241h 29m,6.8,2.1K,,deadly mysterious master occult travels across feudal japan seeking malevolent spirits called mononoke slay must uncover form truth reason wield mighty exorcism sword
tt31248599,S.T.A.L.K.E.R.: Shadow of the Zone,A seasoned Free Stalker tasked with guiding a band of Mercenaries deep into The Zone to investigate a paranormal radio signal. Based on the S.T.A.L.K.E.R. video-game series by G.S.C. Game World.,2024,20241h 11m,4.7,776,,seasoned free stalker tasked guiding band mercenaries deep zone investigate paranormal radio signal based video game series game world
tt33075192,My Undesirable Friends: Part I - Last Air in Moscow,"Julia Loktev documents independent journalists in Moscow facing government crackdown as Russia invades Ukraine, capturing their fight for speech amid risks of being branded ""foreign agents"" and the country's drift towards authoritarianism.",2024,20245h 24m,8.0,380,,julia loktev documents independent journalists moscow facing government crackdown russia invades ukraine capturing fight speech amid risks branded foreign agents country drift towards authoritarianism
tt20598076,Hamlet,"Shakespeare's timeless story of revenge is reimagined as a modern psychological thriller. The classic tragedy transcends the stage through a unique, contemporary lens.",2024,20241h 57m,5.4,285,,shakespeare timeless story revenge reimagined modern psychological thriller classic tragedy transcends stage unique contemporary lens
tt7137074,Unsinkable,Award-winning film about the political intrigue and drama during the inquiry and investigation into the sinking of Titanic.,2024,20241h 40m,5.5,349,,award winning film political intrigue drama inquiry investigation sinking titanic
tt20198716,"Love, Divided",Valentina is a young pianist starting over. Her neighbor David is an inventor who hates noise. And a paper-thin wall is about to become their matchmaker.,2024,20241h 38m,6.0,5.3K,,valentina young pianist starting neighbor david inventor hates noise paper thin wall become matchmaker
tt32750439,Operation Undead,"1941. Chumphon Province, Thailand. Mok and his ragtag unit of young soldiers are thrown against the invading Japanese forces. The invaders bring with them a terrifying biological weapon, unaware that it has plans of its own.",2024,20241h 50m,5.1,1.3K,,chumphon province thailand mok ragtag unit young soldiers thrown invading japanese forces invaders bring terrifying biological weapon unaware plans
tt31629757,Slay,"After a booking mistake, four drag queens find themselves performing for a mostly unwelcoming crowd, but when vampires attack, the crowd looks to the queens to save the day.",2024,20241h 39m,6.5,1.5K,,booking mistake four drag queens find performing mostly unwelcoming crowd vampires attack crowd looks queens save day
tt33353895,A Kidnapping in Amish Country,An Amish woman's daughter is kidnapped. She seeks help from her estranged friend who left the Amish community and found social media stardom.,2024,20241h 28m,5.8,204,,amish woman daughter kidnapped seeks help estranged friend left amish community found social media stardom
tt32647448,In Our Blood,"Filmmaker Emily Wyland reunites with estranged mother for documentary. When mother disappears, Emily and cinematographer Danny pursue clues to her whereabouts amidst traces of her past addictions.",2024,20241h 29m,5.5,524,,filmmaker emily wyland reunites estranged mother documentary mother disappears emily cinematographer danny pursue clues whereabouts amidst traces past addictions
tt22507374,Bogota: City of the Lost,"Young man moving to Colombia with his family for a better life, but he ends up living from hand to mouth. He later goes against all odds to dominate Bogota's black market.",2024,20241h 48m,5.4,2.5K,,young man moving colombia family better life ends living hand mouth later goes odds dominate bogota black market
tt30489753,Ladybug,A young artist is stalked at his remote cabin by a killer who murdered his supernatural guest.,2024,20241h 47m,4.6,189,,young artist stalked remote cabin killer murdered supernatural guest
tt11749154,Model House,Models staying in a secluded house for the night are terrorized by intruders.,2024,20241h 25m,4.0,1.2K,,models staying secluded house night terrorized intruders
tt31648020,The Last Dance,"A debt-ridden wedding planner inadvertently becomes a successful funeral planner, but he must convince a traditional Taoist priest of his legitimacy to continue operating in the field.",2024,20242h 6m,7.6,3.6K,,debt ridden wedding planner inadvertently becomes successful funeral planner must convince traditional taoist priest legitimacy continue operating field
tt29359373,Everybody Loves Touda,"Touda is a Sheikha, a traditional Moroccan singer. Performing in the bars of her provincial town under the gaze of men, she plans to leave for the lights of Casablanca, to gain recognition and ensure a better future for her son.",2024,20241h 42m,6.3,697,,touda sheikha traditional moroccan singer performing bars provincial town gaze men plans leave lights casablanca gain recognition ensure better future son
tt31173492,Spacewoman,"Explores achievements of Eileen Collins, the first woman to pilot and command a spacecraft, paving the way for the next generation of female space explorers.",2024,20241h 35m,7.2,123,,explores achievements eileen collins first woman pilot command spacecraft paving way next generation female space explorers
tt30223155,"Canadian, Sniper","While attempting to peacefully reintegrate into civilian life, an army sniper struggles to discern reality from the haunting uncertainty of P.T.S.D.",2024,20241h 23m,3.7,740,,attempting peacefully reintegrate civilian life army sniper struggles discern reality haunting uncertainty
tt3594464,Poison,A love story about a couple reunited years after tragedy drove them apart. Their brief and intense meeting brings simmering pain and resentment to the surface but is a reminder too of cherished intimacies and the love they once shared.,2024,20241h 26m,6.2,635,,love story couple reunited years tragedy drove apart brief intense meeting brings simmering pain resentment surface reminder cherished intimacies love shared
tt21390830,www.RachelOrmont.com,Psychedelic technosatire feature about growing up in captivity.,2024,20241h 20m,5.5,178,,psychedelic technosatire feature growing captivity
tt27476906,When the Light Breaks,"Una grapples with grief while harboring a secret, unable to fully express her emotions, as she navigates challenging events swirling around her.",2024,20241h 22m,6.6,1.8K,,una grapples grief harboring secret unable fully express emotions navigates challenging events swirling around
tt27192829,Cells at Work!,"Each and every body is a legion of cells, all performing their function to keep their owner operating.",2024,20241h 49m,6.7,1.6K,,every body legion cells performing function keep owner operating
tt20255354,The Present,"A brilliant boy discovers that he can manipulate time using a family heirloom. He soon teams up with his siblings in returning to the time of their parents' separation, with hopes of changing the outcome.",2024,20241h 26m,5.5,1.1K,,brilliant boy discovers manipulate time using family heirloom soon teams siblings returning time parents separation hopes changing outcome
tt31402962,Young Royals Forever,"Edvin Ryding and Omar Rudberg, among others, together with the main writer, creator and executive producer Lisa Ambjörn share the story of how Wilhelm and Simon's journey took shape, from the writing process and casting to the final scene.",2024,202453m,7.7,618,,edvin ryding omar rudberg among others together main writer creator executive producer lisa ambj share story wilhelm simon journey took shape writing process casting final scene
tt32916229,Lockdown,"In an Italy torn apart Covid-19 pandemic, a man tries save the life of his sick lover by involving a group of accomplices, but they are discovered and will to pay the consegurnces.",2024,20241h 42m,,,,italy torn apart covid pandemic man tries save life sick lover involving group accomplices discovered pay consegurnces
tt30060565,Persona,"A woman wakes up locked in a house, injured with no memory. She's terrified and a little relieved to find a woman bound in another room. These 2 strangers must work together to figure out what's really going on before the door is unlocked.",2024,20241h 43m,4.4,98,,woman wakes locked house injured memory terrified little relieved find woman bound another room strangers must work together figure really going door unlocked
tt27587529,Mørkeland,"Ulrik Torp, once a fearless investigative journalist who is now tackling unemployment and a midlife crisis. He finds himself in the middle of a new political conspiracy.",2024,20241h 39m,6.2,1.9K,,ulrik torp fearless investigative journalist tackling unemployment midlife crisis finds middle new political conspiracy
tt31989964,Unconditional,"Yolanda falls in love with Billy, a convict, whom she meets online. What motivates her, even after Billy commits a murder in prison and ends up on death row, to maintain a relationship with him when you can only love each other from afar?",2024,,6.3,19,,yolanda falls love billy convict meets online motivates even billy commits murder prison ends death row maintain relationship love afar
tt16139258,Yodha,"After terrorists hijack a passenger plane, an off-duty soldier aboard devises a strategy to defeat the hijackers and ensure the passengers' survival when the engine fails.",2024,20242h 10m,5.7,9.4K,,terrorists hijack passenger plane duty soldier aboard devises strategy defeat hijackers ensure passengers survival engine fails
tt28225574,Pare parecchio Parigi,Three brothers who haven't spoken to each other for years would like to satisfy the wish of their elderly and ill father who has never seen Paris.,2024,20241h 30m,5.3,724,,three brothers haven spoken years like satisfy wish elderly ill father never seen paris
tt31710037,Familia,The life of a young man who joined an extremist group is poisoned when his abusive father comes back home after a decade-long absence.,2024,20242h,6.8,776,,life young man joined extremist group poisoned abusive father comes back home decade long absence
tt33183881,Throuple,"Ysay and Hannah search for a new partner after losing their boyfriend, while a married couple's reunion with an old friend takes a turn when the guest becomes romantically involved with them both, unraveling two stories of love and desire.",2024,20241h 10m,5.2,338,,ysay hannah search new partner losing boyfriend married couple reunion old friend takes turn guest becomes romantically involved unraveling two stories love desire
tt31189863,Fly,"Over seven years, three couples involved in the extreme sport of BASE jumping test the limits of love and life itself. Risking everything for the thrill of the jump, their dedication is put to the ultimate test.",2024,20241h 50m,7.2,803,,seven years three couples involved extreme sport base jumping test limits love life risking everything thrill jump dedication put ultimate test
tt29270596,Passport to Love,"A successful international travel writer, Nicole, has scored a dream seaside rental to research her newest vacation article only to discover it has accidentally been booked also by Kade, a marketing rep for a competing travel magazine.",2024,20241h 28m,6.2,550,,successful international travel writer nicole scored dream seaside rental research newest vacation article discover accidentally booked also kade marketing rep competing travel magazine
tt9363192,The Ghost Trap,A young lobsterman is forced to choose between right and wrong when his girlfriend suffers a traumatic head injury and a rival lobstering family sabotages his gear.,2024,20241h 46m,5.2,233,,young lobsterman forced choose right wrong girlfriend suffers traumatic head injury rival lobstering family sabotages gear
tt20781534,The Book of the Witch,"Driven by her fear of death, Victoria hunts a mythical Witch, determined to steal her book that grants eternal life-but at a sinister price.",2024,20241h 13m,4.3,188,,driven fear death victoria hunts mythical witch determined steal book grants eternal life sinister price
tt20502488,Meet Me Next Christmas,"In pursuit of a fairytale romance with the man of her dreams, Layla must race through New York City to get her hands on the hottest ticket in town: the sold out Pentatonix Christmas Eve Concert.",2024,20241h 40m,5.7,9.6K,,pursuit fairytale romance man dreams layla must race new york city get hands hottest ticket town sold pentatonix christmas eve concert
tt12663266,Devils Stay,"A heart specialist doubts his daughter's death after an exorcism, believing her heart still beats. Amid her three-day funeral, he and a priest clash over the truth, each trying to prove their stance and potentially save her life.",2024,20241h 35m,4.8,539,,heart specialist doubts daughter death exorcism believing heart still beats amid three day funeral priest clash truth trying prove stance potentially save life
tt2818640,A Circus Tale & a Love Song,"A romantic circus performer leaves Mexico seeking love, landing in New Orleans where he falls for an exotic dancer - but her possessive ex threatens their chance at happiness.",2024,20241h 54m,5.5,145,,romantic circus performer leaves mexico seeking love landing new orleans falls exotic dancer possessive threatens chance happiness
tt30973261,I Am Nevenka,"Centers on true happenings of Nevenka Fernández, a young woman in 1990s Spain who courageously reported sexual harassment by her employer. Her tenacity pioneered the fight against workplace misconduct in her country.",2024,20241h 52m,7.0,1.6K,,centers true happenings nevenka fern ndez young woman spain courageously reported sexual harassment employer tenacity pioneered fight workplace misconduct country
tt32843258,The Volunteers: The Battle of Life and Death,"It tells the story of the third to fifth battles in the War to Resist U.S. Aggression and Aid Korea, among which Battle of Cheorwon will be the highlight. Li Xiang , Fu Chongbi, Cai Changyuan from 63rd Army and others will come on Stage.",2024,20242h 24m,5.9,445,,tells story third fifth battles war resist aggression aid korea among battle cheorwon highlight xiang chongbi cai changyuan army others come stage
tt2963262,Limonov: The Ballad of Eddie,"The outrageous story of Eduard Limonov, the radical Soviet poet who became a bum in New York, a sensation in France, and a political antihero in Russia.",2024,20242h 18m,5.8,1.5K,,outrageous story eduard limonov radical soviet poet became bum new york sensation france political antihero russia
tt33143839,Death Game,"Five martial artists compete in a deadly trial for a massive reward, facing challenges and foes. They uncover sinister forces manipulating the event and devise a plan to confront them, seeking justice amidst the chaos and darkness.",2024,20241h 28m,5.9,108,,five martial artists compete deadly trial massive reward facing challenges foes uncover sinister forces manipulating event devise plan confront seeking justice amidst chaos darkness
tt12966276,Skategoat,"Leandre Sanders was born in Venice Beach, LA, into a world of gangs and crime. The only thing that kept him out of trouble was his love of skateboarding. While his older brothers joined the family tradition of running with gangs, Leandre - dubbed Skategoat - spent most of his days and nights at Venice Beach skatepark with his younger brother Leontay. He was so talented and determined that, at the age of 11, he caught the eye of filmmaker Van Alpert. Over the next ten years, Van documented Leandre's struggle to perfect his skateboarding and to survive. At 14-years old, Leandre was forced to leave his rapidly unravelling family life and started sleeping rough at the bowl of the skate park, relying on his friend Haden and the kindness of a local woman, Katie, who looked out for the two boys. And despite this adversity, Leandre never lost his drive to skate - Set against the visually palpable decline of LA, the decade captured by Van charts Leandre's journey to an internationally-respected skater who has perfected his own unique 'no stance' skate style. The result is a gritty reflection of what it takes to make it in the skating world - and what it takes to survive as a disadvantaged kid in the United States. Pulsing with a tactile sense of street style and punctuated by an incredible soundtrack. Skategoat is a story about the streets told from the streets, that proves anyone can seize their dream.",2024,20241h 24m,8.1,46,,leandre sanders born venice beach world gangs crime thing kept trouble love skateboarding older brothers joined family tradition running gangs leandre dubbed skategoat spent days nights venice beach skatepark younger brother leontay talented determined age caught eye filmmaker van alpert next ten years van documented leandre struggle perfect skateboarding survive years old leandre forced leave rapidly unravelling family life started sleeping rough bowl skate park relying friend haden kindness local woman katie looked two boys despite adversity leandre never lost drive skate set visually palpable decline decade captured van charts leandre journey internationally respected skater perfected unique stance skate style result gritty reflection takes make skating world takes survive disadvantaged kid united states pulsing tactile sense street style punctuated incredible soundtrack skategoat story streets told streets proves anyone seize dream
tt32032481,Sweet Release,"Two girl best friends and a young man take on a journey of self-discovery. Along the way, their bond deepens as they explore their sexual desires.",2024,20241h 42m,4.4,129,,two girl best friends young man take journey self discovery along way bond deepens explore sexual desires
tt27587485,Waves,A compromising record can change history.,2024,20242h 11m,7.7,2.9K,,compromising record change history
tt30021427,Ferry 2,"After losing his drug empire, Ferry Bouman seems to have found peace away from Brabant's underworld. Why would he put it all on the line and come back?",2024,20241h 34m,5.6,4.4K,,losing drug empire ferry bouman seems found peace away brabant underworld put line come back
tt29634258,Shepherds,"A young Montreal advertising executive, converted to a Provençal shepherd, has various misadventures with a civil servant who has cavalierly quit her job.",2024,20241h 53m,7.0,879,,young montreal advertising executive converted proven shepherd various misadventures civil servant cavalierly quit job
tt31434046,Don't Open the Door,"Far from civilization, in a frozen forest on an inhospitable mountainside, a group of researchers is attacked by an unidentified figure. The sole survivor, a young biologist, takes refuge in the isolated cabin of a mysterious man must live",2024,20241h 27m,6.5,8.5K,,far civilization frozen forest inhospitable mountainside group researchers attacked unidentified figure sole survivor young biologist takes refuge isolated cabin mysterious man must live
tt30496004,Chum!,"In a not so distant future, great white sharks have gone extinct. When a mad scientist plays god and genetically engineers a shark/human, he unleashes the highly viral monster on the unsuspecting citizens of a nearby small town.",2024,20241h 9m,3.2,104,,distant future great white sharks gone extinct mad scientist plays god genetically engineers shark human unleashes highly viral monster unsuspecting citizens nearby small town
tt33499541,Butchers Book Three: Bonesaw,"Three women find themselves being hunted by a vicious killer who slaughters people and hacks them up in his van, while a clever sheriff pieces together the clues he's leaving behind.",2024,20241h 47m,4.5,372,,three women find hunted vicious killer slaughters people hacks van clever sheriff pieces together clues leaving behind
tt15126712,Switch Up,"A man's world gets turned upside down and he finds himself stranded at a homeless shelter, where he meets a young widow. He begins to fall in love and to understand how helping others is the true path to finding happiness.",2024,20241h 45m,7.9,40,,man world gets turned upside finds stranded homeless shelter meets young widow begins fall love understand helping others true path finding happiness
tt34876472,The Family Business,"The Family Business is a Dark, Dramatic, Horror, Thriller where tensions rise among a twisted family of psychopaths who set out to create a very unique snuff film of epic proportions.",2024,20241h 29m,5.3,380,,family business dark dramatic horror thriller tensions rise among twisted family psychopaths set create unique snuff film epic proportions
tt27775137,The Glory of Life,The last year in Franz Kafka's life and its surprising love story.,2024,20241h 38m,6.5,586,,last year franz kafka life surprising love story
tt23640170,Meet the Barbarians,"Brittany's Town has unanimously decided to accept Ukrainian refugees in exchange for government subsidies. However, instead of seeing Ukrainians arrive, they now see Syrian migrants, which has caused some conflicts.",2024,20241h 41m,6.4,1K,,brittany town unanimously decided accept ukrainian refugees exchange government subsidies however instead seeing ukrainians arrive see syrian migrants caused conflicts
tt11917642,Fresh,"The clock is ticking for Kai. His psychotic brother has just been granted an early release from prison and by this afternoon, he'll come around to collect the money Kai has been holding for him. The problem - all the money's been spent.",2024,20241h 38m,6.4,133,,clock ticking kai psychotic brother granted early release prison afternoon come around collect money kai holding problem money spent
tt32654179,Gelin Takimi,"A group of female friends take a holiday bachelorette trip, where they let their hair down, flirting with strangers, and indulge in a party lifestyle.",2024,20241h 49m,4.1,7.1K,,group female friends take holiday bachelorette trip let hair flirting strangers indulge party lifestyle
tt27179628,Solvent,"While hunting Nazi papers in Austria, researchers find a dark secret beneath a farmhouse. As expat Gunner Holbrook pursues the mystery, his grip on reality slips. He battles an evil force, racing to save himself.",2024,20241h 34m,4.8,3.5K,,hunting nazi papers austria researchers find dark secret beneath farmhouse expat gunner holbrook pursues mystery grip reality slips battles evil force racing save
tt7972570,Mr. K,"After spending the night in a remote hotel, Mr. K is stuck in a claustrophobic nightmare when he discovers that he can't leave the building.",2024,20241h 34m,5.4,2.6K,,spending night remote hotel stuck claustrophobic nightmare discovers leave building
tt32868318,Grand Maison Paris,"Famous Japanese chef Obana opens a restaurant in Paris, seeking third Michelin star. Faces challenges as outsider, sourcing ingredients. Tensions rise with staff over ambitious menu.",2024,20241h 51m,6.2,460,,famous japanese chef obana opens restaurant paris seeking third michelin star faces challenges outsider sourcing ingredients tensions rise staff ambitious menu
tt31970755,"Apollon by Day, Athena by Night","Defne travels to the ancient Mediterranean city of Side and encounters a revolutionary, a prostitute, a priestess, and other mysterious people. Guided by them, she searches for the mother who has abandoned her.",2024,20241h 52m,6.7,884,,defne travels ancient mediterranean city side encounters revolutionary prostitute priestess mysterious people guided searches mother abandoned
tt7758540,Among Neighbors,"In a small Polish town where a dark history has been silenced, an eyewitness to murder speaks out in search of the Jewish boy she loved.",2024,20241h 40m,8.2,529,,small polish town dark history silenced eyewitness murder speaks search jewish boy loved
tt32919749,The Night Before Christmas in Wonderland,"The Queen of Hearts has outlawed Christmas. As a child, the white rabbit missed her gift. Years later, Father Christmas receives the lost letter and voyages to Wonderland. With the help of curious young Alice, can Christmas be saved?",2024,20241h 20m,6.3,704,,queen hearts outlawed christmas child white rabbit missed gift years later father christmas receives lost letter voyages wonderland help curious young alice christmas saved
tt31189901,The Truth vs. Alex Jones,"Centers on families of the victims of the 2012 Sandy Hook shooting. They take Alex Jones, a conspiracy theorist, to court for spreading lies about the event being a hoax.",2024,20242h 1m,7.4,3.4K,,centers families victims sandy hook shooting take alex jones conspiracy theorist court spreading lies event hoax
tt35018659,The Unrighteous,"An overworked man's petty revenge against his annoying neighbor unleashes her hidden madness, turning his entire building into a trap for his family.",2024,20241h 27m,5.1,86,,overworked man petty revenge annoying neighbor unleashes hidden madness turning entire building trap family
tt32142963,Pabar,"Benudhar Kandi, hailing from a little village of Gumagarh in Odisha, does not have big expectations until circumstances force him into local politics.",2024,20242h 39m,8.1,332,,benudhar kandi hailing little village gumagarh odisha big expectations circumstances force local politics
tt32186579,An Unfinished Film,"January 2020. A film crew reunites near Wuhan to resume the shooting of a film halted ten years earlier, only to share the unexpected challenges as cities are placed under lockdown.",2024,20241h 47m,7.2,1.6K,,january film crew reunites near wuhan resume shooting film halted ten years earlier share unexpected challenges cities placed lockdown
tt33402423,Family Secrets: The Disappearance of Alissa Turney,"Sarah Turney became a viral sensation when she posted suspicions on social media that her dad killed her sister, Alissa. Now Sarah, re-examines her and Alissa's childhood.",2024,20241h 24m,6.6,456,,sarah turney became viral sensation posted suspicions social media dad killed sister alissa sarah examines alissa childhood
tt34383081,Empire of the Rabbits,A daring boy's journey against the cruel entanglements of deception and disabilities of the adult world.,2024,20241h 34m,6.1,205,,daring boy journey cruel entanglements deception disabilities adult world
tt32086069,Marcello Mio,"Chiara is an actress and daughter of Marcello Mastroianni and Catherine Deneuve. One summer, she decides to live like her father. She dresses, speaks, and breathes like him with such conviction that others start calling her ""Marcello"".",2024,20242h,5.8,1.2K,,chiara actress daughter marcello mastroianni catherine deneuve one summer decides live like father dresses speaks breathes like conviction others start calling marcello
tt32186523,Three Kilometres to the End of the World,"Set in a conservative Danube Delta community, a gay teenager's journey of self-discovery clashes with the traditional values upheld by his parents and neighbors.",2024,20241h 45m,7.1,1.7K,,set conservative danube delta community gay teenager journey self discovery clashes traditional values upheld parents neighbors
tt13983826,Obraz,A hunted child will find refuge in the house of the enemy. The host faces a terrible choice: save the child's life or risk losing his own family.,2024,20241h 35m,7.5,253,,hunted child find refuge house enemy host faces terrible choice save child life risk losing family
tt30834999,Family,"Summer, 2002. Watching her sick father decline, 11-year-old Johanna makes a call for a good spirit to save him. But something else comes instead.",2026,20261h 35m,6.4,39,,summer watching sick father decline year old johanna makes call good spirit save something else comes instead
tt10850320,Luther: Never Too Much,"Chronicles the life of an iconic musical performer, from childhood musical talent to worldwide fame. Explores his collaborations, influences, character and relationships with family, friends and fans.",2024,20241h 41m,8.1,1.1K,,chronicles life iconic musical performer childhood musical talent worldwide fame explores collaborations influences character relationships family friends fans
tt26591189,The Plot,The story is about a hitman named Brain who suffers an accident during a murder and struggles to survive while suspecting everyone around him to find out who is behind the accident after barely surviving.,2024,20241h 40m,4.8,568,,story hitman named brain suffers accident murder struggles survive suspecting everyone around find behind accident barely surviving
tt12598606,Gunner,"Lee Gunner tries to save his sons, Luke and Travis, from a dangerous drug gang.",2024,20241h 46m,3.2,3.5K,,lee gunner tries save sons luke travis dangerous drug gang
tt16732698,Never Look Away,"CNN camerawoman Margaret Moth fearlessly captures footage of war zones. A Sundance premiere featuring Christiane Amanpour, directed by Lucy Lawless.",2024,20241h 25m,7.2,365,,cnn camerawoman margaret moth fearlessly captures footage war zones sundance premiere featuring christiane amanpour directed lucy lawless
tt31987050,Blue Period,A successful but bored high school student is inspired to take up a career in art and discovers his passion in painting.,2024,20241h 55m,6.8,342,,successful bored high school student inspired take career art discovers passion painting
tt10974574,Ravens,The dark fantasy love story of legendary Japanese photographer Masahisa Fukase and his wife Yoko.,2024,20241h 57m,7.8,112,,dark fantasy love story legendary japanese photographer masahisa fukase wife yoko
tt7549722,The Seven Sorrows of Mary,"Mary is out with her boyfriend Gabriel when they are kidnapped; their captors beat Gabriel and rape Mary, who is forced to choose letting Gabriel be killed so she can be freed, or returning to her brutal attackers.",2024,20241h 38m,6.4,65,,mary boyfriend gabriel kidnapped captors beat gabriel rape mary forced choose letting gabriel killed freed returning brutal attackers
tt23648404,Dark Match,"A small-time wrestling company accepts a well-paying gig in a backwoods town only to learn, too late, that the community is run by a mysterious cult leader with devious plans for their match.",2024,20241h 34m,5.4,1.5K,,small time wrestling company accepts well paying gig backwoods town learn late community run mysterious cult leader devious plans match
tt32765596,Dreams in Nightmares,Three friends in their mid-thirties as they road trip across the Midwestern United States in search of their friend who has seemingly disappeared off the grid.,2024,20242h 8m,6.8,93,,three friends mid thirties road trip across midwestern united states search friend seemingly disappeared grid
tt24669794,Breakup Season,"A young man brings his girlfriend to his rural Oregon hometown to introduce her to his family, only for things to go terribly wrong upon arrival.",2024,20241h 42m,6.1,671,,young man brings girlfriend rural oregon hometown introduce family things terribly wrong upon arrival
tt30326011,Girl in the Video,"Explores the tale of Mo, a widow who is doing her best to raise her two teenagers.",2024,20241h 27m,5.5,354,,explores tale widow best raise two teenagers
tt27952254,The Time It Takes,"A deeply felt narrative of the filmmaker's time with her father. A story that's both personal and told with the necessary distance. Like a passion, a life choice and a way of being in the world.",2024,20241h 50m,6.6,662,,deeply felt narrative filmmaker time father story personal told necessary distance like passion life choice way world
tt31314185,The Greatest Love Story Never Told,Go behind the scenes with Jennifer Lopez as she independently produces a new album that explores her 20-year journey to self-love.,2024,20241h 26m,5.0,1.6K,,behind scenes jennifer lopez independently produces new album explores year journey self love
tt21965874,Allen Sunshine,"A music mogul retreats to a remote cabin to mourn his famous wife's suicide. Amid the solitude of the Canadian wilderness he struggles with grief, until an unexpected encounter ends his isolation.",2024,20241h 30m,6.7,4.6K,,music mogul retreats remote cabin mourn famous wife suicide amid solitude canadian wilderness struggles grief unexpected encounter ends isolation
tt6232306,The Trail,"A young woman embarks on a remote hiking trail in the Alps to cope with a trauma. In the midst of the rustic landscape, she is now not only confronted with her own fears, but also has to face an alien threat.",2024,20241h 20m,4.5,916,,young woman embarks remote hiking trail alps cope trauma midst rustic landscape confronted fears also face alien threat
tt30889257,Khadari,"Guru is a 23-year-old wrestling champion in college. Amrit, 22, captains the kho-kho team and loves Guru until learning of his history, angering her. Can she get past it?",2024,20242h,7.2,164,,guru year old wrestling champion college amrit captains kho kho team loves guru learning history angering get past
tt29808429,Colour of Victory,"The days when Istanbul was occupied as a result of the Armistice of Mudros after the First World War and the Fenerbahce football team won the ""Harington Cup""",2024,20242h 37m,6.1,41K,,days istanbul occupied result armistice mudros first world war fenerbahce football team won harington cup
tt7981154,Paper Flowers,"Based on the viral true story of Shalin Shah, Paper Flowers tells the inspiring journey of a young man who transforms a rare cancer diagnosis into a powerful celebration of love, gratitude, purpose, and human connection.",2024,20241h 40m,7.6,163,,based viral true story shalin shah paper flowers tells inspiring journey young man transforms rare cancer diagnosis powerful celebration love gratitude purpose human connection
tt27523300,Horror in the High Desert 3: Firewatch,"As a wildfire bears down on the opposite side of the state, Oscar Mendoza, armed with a secret, takes advantage of the distraction and journeys to Northeastern Nevada in search of missing outdoorsman Gary Hinge's last known whereabouts.",2024,20241h 28m,5.5,1.1K,,wildfire bears opposite side state oscar mendoza armed secret takes advantage distraction journeys northeastern nevada search missing outdoorsman gary hinge last known whereabouts
tt32563402,Bonnie and Clyde: The Musical,Two small-town kids from the middle of nowhere became the biggest folk heroes in all America. They craved adventure-and each other.,2024,20242h 30m,6.9,152,,two small town kids middle nowhere became biggest folk heroes america craved adventure
tt32368703,Road Diary: Bruce Springsteen and the E Street Band,"Bruce Springsteen and E Street Band showcase the process of creating their live performances, sharing footage from band rehearsals, behind-the-scenes moments, rare clips, and personal reflections from Springsteen himself.",2024,20241h 39m,7.7,1.3K,,bruce springsteen street band showcase process creating live performances sharing footage band rehearsals behind scenes moments rare clips personal reflections springsteen
tt26445667,Cosmos,"An elderly widow encounters a mysterious Mayan elder in rural Yucatán. As their worlds collide, they discover a profound bond that transcends cultural boundaries and transforms both their lives.",2024,20242h 33m,7.7,46,,elderly widow encounters mysterious mayan elder rural yucat worlds collide discover profound bond transcends cultural boundaries transforms lives
tt21970394,The Investigation,"In 1963 former SS soldiers are tried for their involvement in running the Auschwitz camp. Witnesses and defendants take the stand, some describing the worst of which humanity is capable, others hiding behind procedures and orders.",2024,20244h 1m,7.7,205,,former soldiers tried involvement running auschwitz camp witnesses defendants take stand describing worst humanity capable others hiding behind procedures orders
tt29244917,Beware the Boogeyman,"For her first day of orientation, Dr. Tristian Mackenzie makes her way to the Silverdale Psychiatric Hospital for the criminally insane, where she learns of the strange series of cases from the similarly strange Dr. Moon.",2024,20241h 50m,4.4,661,,first day orientation tristian mackenzie makes way silverdale psychiatric hospital criminally insane learns strange series cases similarly strange moon
tt28511535,Der Buchspazierer,"The 70-year old Carl Kollhoff works in a little bookshop in a small town, where he wraps up books to deliver them by foot. One day the 9-year old girl Schascha joins him on his delivering-tours. She calls him the ""Buchspazierer"".",2024,20241h 38m,7.1,1.4K,,year old carl kollhoff works little bookshop small town wraps books deliver foot one day year old girl schascha joins delivering tours calls buchspazierer
tt31589922,Rita,"A new wife Rita, who finds herself alone when husband Ariel works abroad. They both find sexual satisfaction in other people. When Ariel comes back, they both act like nothing happened. But will this keep their marriage from falling apart?",2024,20241h 55m,5.5,1.3K,,new wife rita finds alone husband ariel works abroad find sexual satisfaction people ariel comes back act like nothing happened keep marriage falling apart
tt11792008,Memories of Love Returned,"In 2002, Ntare Mwine's car broke down in Mbirizi, Uganda, leading him to discover photographer Kibaate Ssalongo's studio. This sparked a 22-year journey documenting Kibaate's work and its impact on the community.",2024,20241h 16m,8.6,24,,ntare mwine car broke mbirizi uganda leading discover photographer kibaate ssalongo studio sparked year journey documenting kibaate work impact community
tt31828433,Maybe Baby 2,Two couples discover their kids aren't swapped at the fertility clinic. They decide to cohabitate and jointly raise their respective biological children despite the initial mix-up.,2024,20241h 45m,5.7,680,,two couples discover kids aren swapped fertility clinic decide cohabitate jointly raise respective biological children despite initial mix
tt22042436,The Ceremony Is About to Begin,"Madness, mayhem, and mummification rites ensue when a documentary filmmaker visits the rural commune of an ancient Egyptian inspired cult to interview its enigmatic leader.",2024,20241h 10m,4.3,975,,madness mayhem mummification rites ensue documentary filmmaker visits rural commune ancient egyptian inspired cult interview enigmatic leader
tt12899770,Schindler Space Architect,"Architect R.M. Schindler's life story (1887-1953) unfolds in parallel with that of Modern Architecture. The film follows his journey from Vienna through Chicago to Southern California, observing where possible through the lens of his own camera or listening to his own words. The story is told through narration, interviews, Schindler's theoretical writings, correspondence, photos, renderings, archival and new footage of many of his buildings.",2024,20241h 33m,7.0,34,,architect schindler life story unfolds parallel modern architecture film follows journey vienna chicago southern california observing possible lens camera listening words story told narration interviews schindler theoretical writings correspondence photos renderings archival new footage many buildings
tt8192610,Campton Manor,An author tries to investigate a decades old mystery and finds himself stuck in his own ghost story.,2024,20241h 23m,3.4,299,,author tries investigate decades old mystery finds stuck ghost story
tt32253416,Last Mile,"A cardboard box explodes on Black Friday, terrorizing the nation. Erena Funado, center director for Kanto distribution warehouse, must control the situation with Kou Nashimoto.",2024,20242h 8m,6.5,806,,cardboard box explodes black friday terrorizing nation erena funado center director kanto distribution warehouse must control situation kou nashimoto
tt29429122,Feeling Better,"A man spends his days in hospital without too many worries. He has been hospitalized, safe from everything, without responsibilities and problems. That routine runs smoothly until a new person is admitted to the same ward.",2024,20241h 33m,6.0,501,,man spends days hospital without many worries hospitalized safe everything without responsibilities problems routine runs smoothly new person admitted ward
tt15837586,Because of Mika,"A quick-witted Long Islander chooses the easy way out in life by selling weed, delivering pizza, and ignoring his past to get by; but business and life soon gets interrupted when he finds a stray dog with one small issue....she's a ghost.",2024,20241h 35m,7.3,32,,quick witted long islander chooses easy way life selling weed delivering pizza ignoring past get business life soon gets interrupted finds stray dog one small issue ghost
tt30469484,Peppa's Cinema Party,"Peppa celebrates 20 years with 10 new episodes, a 3-part wedding special, a mix of animation and live action where Peppa enters the real world, a party bus bonus episode, and 5 sing-along songs.",2024,20241h 5m,4.8,169,,peppa celebrates years new episodes part wedding special mix animation live action peppa enters real world party bus bonus episode sing along songs
tt13084504,Christmas Overtime,An unemployed actress tries to run away from Christmas but is offered a commercial by a lonely ad executive if she can convince his Christmas-obsessed staff to finish an ad campaign on Christmas Eve.,2024,20241h 32m,5.3,107,,unemployed actress tries run away christmas offered commercial lonely executive convince christmas obsessed staff finish campaign christmas eve
tt34766948,Becoming Madonna,"Madonna's rise to fame from 1978 to 1992, exploring her personal life, controversies, and the challenges she faced during that period.",2024,20241h 31m,6.7,775,,madonna rise fame exploring personal life controversies challenges faced period
tt32145808,Sabbath Queen,"A 39th generation ex-Orthodox rabbi embarks on a remarkable 21-year personal journey, also embracing life as a drag queen.",2024,20241h 45m,7.3,97,,generation orthodox rabbi embarks remarkable year personal journey also embracing life drag queen
tt26896163,The Unexpecteds,Gary and his best friends seek revenge against a social media influencer who has scammed them of their life savings.,2024,20241h 27m,4.2,111,,gary best friends seek revenge social media influencer scammed life savings
tt33501680,Breaking the Silence: The Maria Soledad Case,"In '90s Argentina, the murder of a high school student sparks widespread protests. Retold by her loved ones, this documentary shows their fight for justice.",2024,20241h 35m,6.4,615,,argentina murder high school student sparks widespread protests retold loved ones documentary shows fight justice
tt27349461,Gangs of Godavari,A morally-corrupt man seeks to rise within the gritty world of politics and power - but his ambition could ultimately cost him his life.,2024,20242h 45m,4.9,962,,morally corrupt man seeks rise within gritty world politics power ambition ultimately cost life
tt30956212,Intercepted,Destruction in Ukraine war shown through lengthy tableaux. Soldiers' phone calls to families reveal parallel world. Sound and image confront one another.,2024,20241h 35m,7.9,720,,destruction ukraine war shown lengthy tableaux soldiers phone calls families reveal parallel world sound image confront one another
tt27651263,Hearts of Bali,"After the death of her Eurasian grandmother, Jenny convinces her mother and sister to come along to Bali to unravel their family background so they can find happiness in their family and love life.",2024,20241h 53m,6.0,1.7K,,death eurasian grandmother jenny convinces mother sister come along bali unravel family background find happiness family love life
tt32058418,Locust,"Against the backdrop of the 2019 Hong Kong protests, Zhong-Han, a silent twenty-something in Taiwan, balances a day job at a family restaurant with nightly gang activities, until the restaurant's ownership changes hands.",2024,20242h 8m,6.3,200,,backdrop hong kong protests zhong han silent twenty something taiwan balances day job family restaurant nightly gang activities restaurant ownership changes hands
tt4501268,Maharaj,"Based on a real-life historic court case, a bold journalist questions a revered leader's immoral behavior.",2024,20242h 11m,6.5,16K,,based real life historic court case bold journalist questions revered leader immoral behavior
tt30624784,My Zombabe,"Due to a zombie apocalypse, Pong is the loneliest man on the planet. This all changes when Yasmin turns up, a beautiful woman in the process of zombifying.",2024,20241h 45m,5.0,101,,due zombie apocalypse pong loneliest man planet changes yasmin turns beautiful woman process zombifying
tt31529323,Doc Holly's Christmas,"When Holly flees a café without paying in Holly, Michigan, her plans derail into community service at a local vet clinic. Between adorable patients and a charming veterinarian, this Christmas detour might become her favorite destination.",2024,20241h 19m,3.7,154,,holly flees caf without paying holly michigan plans derail community service local vet clinic adorable patients charming veterinarian christmas detour might become favorite destination
tt33094193,Labirinti,"Francesco is an introverted guy, born in a small village surrounded by nature in the mountains of Calabria. He grows up with Mimmo, his best friend, with whom he shares everything until adolescence. One day he finds a book, which becomes almost a magical object that will change the course of his life. Francesco has a dream and he will find the courage to pursue it against everything and everyone: not only the society around him, that makes him feel trapped in a labyrinth of unwritten psychological and social rules, but also against Mimmo.",2024,20241h 17m,6.6,16,,francesco introverted guy born small village surrounded nature mountains calabria grows mimmo best friend shares everything adolescence one day finds book becomes almost magical object change course life francesco dream find courage pursue everything everyone society around makes feel trapped labyrinth unwritten psychological social rules also mimmo
tt32582337,Children of the Wicker Man,"50 years on from the making of The Wicker Man (1973), director Robin Hardy's lost papers come to filmmaker son Justin. Enlisting his brother Dominic, they journey to discover the complex nature of independent filmmaking and fatherhood.",2024,20241h 32m,6.9,49,,years making wicker man director robin hardy lost papers come filmmaker son justin enlisting brother dominic journey discover complex nature independent filmmaking fatherhood
tt23781144,Mountain Boy,"Suhail, a young Emirati boy with Autism, flees to live in the Fujairah mountains after his father shuns him, not understanding his determination. Pinned with the confusing sadness that his mother died in childbirth with him, Suhail's perspective of the world is more nuanced - he is at one with nature, understands empathy, and has a kindness that infiltrates those who engage with him. Adamant to find his mother's family in Abu Dhabi, Suhail makes the epic journey, with his new friend Barakah, an Arabian Saluki, to find acceptance, family, and redemption.",2024,20241h 33m,7.9,35,,suhail young emirati boy autism flees live fujairah mountains father shuns understanding determination pinned confusing sadness mother died childbirth suhail perspective world nuanced one nature understands empathy kindness infiltrates engage adamant find mother family abu dhabi suhail makes epic journey new friend barakah arabian saluki find acceptance family redemption
tt15352048,Reloaded 2,"In a dystopian future where criminals take over, detective Jimmy Cloud gets a deadly case around a kidnapping carried out by a brutal crime syndicate.",2024,202445m,6.3,1.8K,,dystopian future criminals take detective jimmy cloud gets deadly case around kidnapping carried brutal crime syndicate
tt23871574,Dr. Jason II: Lights & Shadows,A satanic alliance tries to pave the way for the birth of the Antichrist.,2024,20241h 2m,5.5,1.4K,,satanic alliance tries pave way birth antichrist
tt33835520,Unbreakable: The Jelena Dokic Story,"Jelena Dokic's refugee experiences, rise to world No. 4 in tennis, and tumultuous relationship with her abusive father Damir Dokic.",2024,20241h 44m,8.0,201,,jelena dokic refugee experiences rise world tennis tumultuous relationship abusive father damir dokic
tt26739127,Holy Mother,"Follows Abbess, who is given the task of repopulating and Christianizing border territories at war with Islam.",2024,20242h 2m,6.0,146,,follows abbess given task repopulating christianizing border territories war islam
tt26932223,Bhool Bhulaiyaa 3,"Ruhaan, a fraudster posing as an exorcist, takes on a lucrative case at a haunted castle, unraveling a sinister plot involving mischievous priests, culminating in a hilarious yet thrilling ride filled with unexpected twists and scares.",2024,20242h 38m,4.6,79K,,ruhaan fraudster posing exorcist takes lucrative case haunted castle unraveling sinister plot involving mischievous priests culminating hilarious yet thrilling ride filled unexpected twists scares
tt14536120,The Master and Margarita,"A writer's novel is banned and play canceled. He then conceives a satirical novel where a devil-like character metaphorically revenges those responsible. Knowing it cannot be published, his muse Margarita pushes him to write it anyway.",2024,20242h 36m,7.1,7.1K,,writer novel banned play canceled conceives satirical novel devil like character metaphorically revenges responsible knowing published muse margarita pushes write anyway
tt32750432,35-Chinna Katha Kaadu,"Revolves around a young mother facing challenges when her son fails to secure passing marks, igniting events that test the family's resilience and unity.",2024,20242h 25m,7.9,1.3K,,revolves around young mother facing challenges son fails secure passing marks igniting events test family resilience unity
tt5113010,The Beautiful Game,Advocates to end homelessness organize an annual tournament for homeless men to compete in a series of football matches known as The Homeless World Cup.,2024,20242h 5m,6.3,9.2K,,advocates end homelessness organize annual tournament homeless men compete series football matches known homeless world cup
tt11724920,Dead Sea,"Stranded in the open sea after a fatal accident, a young woman and her two friends are rescued by a fishing vessel's captain, unaware that the ship harbors a chilling secret.",2024,20241h 28m,5.2,6.3K,,stranded open sea fatal accident young woman two friends rescued fishing vessel captain unaware ship harbors chilling secret
tt28350435,He Loves Me Not,"An aspiring actress chosen as a wild card for a reality TV dating show uses a secret elixir to win the heart of the star, but when her deception is revealed, she discovers a messy but real chance for love.",2024,20241h 37m,5.2,138,,aspiring actress chosen wild card reality dating show uses secret elixir win heart star deception revealed discovers messy real chance love
tt27459160,Teri Baaton Mein Aisa Uljha Jiya,"Aryan is not able to find a perfect life partner. He meets a perfect girl, Sifra, during an official assignment in the US and falls in love with her only to discover later that it's an impossible love story.",2024,20242h 21m,6.2,56K,,aryan able find perfect life partner meets perfect girl sifra official assignment falls love discover later impossible love story
tt10442352,Thelma the Unicorn,"A singing pony who dreams of stardom finds instant fame when she transforms into a sparkly unicorn, but becoming a celebrity is one wild ride.",2024,20241h 33m,5.7,3.5K,,singing pony dreams stardom finds instant fame transforms sparkly unicorn becoming celebrity one wild ride
tt14564000,Guntur Kaaram,"Years after his mother abandons him and remarries, a man demands answers when he's asked to sign a document denying he is her son as she runs for office.",2024,20242h 39m,5.4,25K,,years mother abandons remarries man demands answers asked sign document denying son runs office
tt31922157,Unpredictable,"A modern thriller filled with intense sexual tension. Betrayal, jealousy, revenge and lies. A plot full of tension and twists of events.",2024,20241h 41m,5.4,500,,modern thriller filled intense sexual tension betrayal jealousy revenge lies plot full tension twists events
tt36809541,Playground,"A solitary teen enrolls in an academy for aspiring assassins, honing her skills while investigating her parents' mysterious deaths.",2024,20241h 28m,5.6,48,,solitary teen enrolls academy aspiring assassins honing skills investigating parents mysterious deaths
tt19896510,K-Pops!,"Follows a washed-up musician who jumps at the chance to capitalize on his long-lost son's stardom for his own renaissance, but learns that fatherhood is much more than stardom.",2024,20241h 54m,5.8,546,,follows washed musician jumps chance capitalize long lost son stardom renaissance learns fatherhood much stardom
tt21478426,Life After Fighting,"A martial arts instructor is confronted with the disappearance of two of his students, leading him into a direct confrontation with a group of international child traffickers.",2024,20242h 6m,6.4,2.9K,,martial arts instructor confronted disappearance two students leading direct confrontation group international child traffickers
tt13293604,Last Night on Earth,"Faced with impending doom from a planet-killing asteroid, a couple flee to the hills of Tennessee to spend their last days together - but the chaotic breakdown of society disrupts their peaceful plans.",2024,20241h 26m,4.7,872,,faced impending doom planet killing asteroid couple flee hills tennessee spend last days together chaotic breakdown society disrupts peaceful plans
tt14539318,The Beast Within,"After a series of strange events leads her to question her family's isolated life on a fortified compound deep in the English wilds, 10-year-old Willow follows her parents on one of their secret late-night treks to the heart of the forest.",2024,20241h 37m,4.3,6.5K,,series strange events leads question family isolated life fortified compound deep english wilds year old willow follows parents one secret late night treks heart forest
tt28630624,Panda Plan,International action superstar Jackie Chan is involved in a rescue operation of a beloved zoo panda named Hu Hu.,2024,20241h 39m,5.1,2.5K,,international action superstar jackie chan involved rescue operation beloved zoo panda named
tt26943420,The Thundermans Return,"It centers on the family as they begin a new era of superhero crimefighting. When one save goes wrong, the Thundermans are sent back to Hiddenville.",2024,20241h 10m,5.1,2.2K,,centers family begin new era superhero crimefighting one save goes wrong thundermans sent back hiddenville
tt33311738,11 Rebels,"Amidst the Boshin War's brutal conflicts, a motley squad of criminals and samurai undertakes a desperate defense of a fortress, their stand triggered by clashing interests of the Shibata clan, the shogunate, and the new government.",2024,20242h 35m,6.3,1.4K,,amidst boshin war brutal conflicts motley squad criminals samurai undertakes desperate defense fortress stand triggered clashing interests shibata clan shogunate new government
tt27146069,The Ruse,An in-home caregiver fears for her life after being assigned to a mysterious elderly patient in a remote seaside home.,2024,20241h 40m,5.5,3.1K,,home caregiver fears life assigned mysterious elderly patient remote seaside home
tt22805652,Strictly Confidential,"A haunted young woman finds herself drawn into a world of seduction, duplicity and betrayal as she desperately tries to uncover the mystery surrounding her best friend's suicide.",2024,20241h 34m,2.8,1.1K,,haunted young woman finds drawn world seduction duplicity betrayal desperately tries uncover mystery surrounding best friend suicide
tt32495687,Sookshma Darshini,"Manuel returns with his mother to their former home in a middle-class neighbourhood. Suspicious of his intentions, Priyadarshini and her friends begin gathering clues, convinced he may be hiding something sinister.",2024,20242h 22m,7.8,13K,,manuel returns mother former home middle class neighbourhood suspicious intentions priyadarshini friends begin gathering clues convinced may hiding something sinister
tt33984333,How to Make a Killing,"After a fatal car crash, Michel flees the scene. His passenger commits suicide. Michel and wife Cathy find EUR2M in a bag while covering up the incident, leading to a series of chaotic events.",2024,20241h 49m,6.5,4.4K,,fatal car crash michel flees scene passenger commits suicide michel wife cathy find eur bag covering incident leading series chaotic events
tt29195603,Family Pack,"When night falls, and the players have their eyes closed, werewolves make victims among the villagers.",2024,20241h 34m,5.5,11K,,night falls players eyes closed werewolves make victims among villagers
tt27744786,Shaitaan,"A family's getaway turns terrifying when an intruder possesses the teen daughter's body, putting her at the mercy of his increasingly sinister commands.",2024,20242h 12m,6.5,57K,,family getaway turns terrifying intruder possesses teen daughter body putting mercy increasingly sinister commands
tt30219247,Delivery Run,"A food delivery driver gets caught in a deadly chase in the icy Minnesota wilderness, pursued by a crazed snowplow driver for unknown reasons, facing life-threatening situations and forced to outsmart his relentless pursuer alone.",2024,20241h 24m,4.4,1K,,food delivery driver gets caught deadly chase icy minnesota wilderness pursued crazed snowplow driver unknown reasons facing life threatening situations forced outsmart relentless pursuer alone
tt30215084,This Is Me... Now,This narrative-driven odyssey that coincides with the release of her same-named album tells the story of Jennifer Lopez's journey to love through her own eyes.,2024,20241h 5m,4.1,7.5K,,narrative driven odyssey coincides release named album tells story jennifer lopez journey love eyes
tt27240621,Crackcoon,"A raccoon ingests a discarded synthetic drug and mutates into a vicious killer. It rampages through a mountain community, threatening campers, tourists, and residents. No one is safe from the monstrous raccoon's violent onslaught.",2024,20241h 28m,3.6,734,,raccoon ingests discarded synthetic drug mutates vicious killer rampages mountain community threatening campers tourists residents one safe monstrous raccoon violent onslaught
